Year,Province,County,Municipality,Unidad,GeoCode,Value
2022,Araba/Álava,,,Euros,Araba/Álava,1371.5
2023,Araba/Álava,,,Euros,Araba/Álava,1505.6
2022,,,Alegría-Dulantzi,Euros,Alegría-Dulantzi,1282.5
2023,,,Alegría-Dulantzi,Euros,Alegría-Dulantzi,1407.9
2022,,,Amurrio,Euros,Amurrio,1444.6
2023,,,Amurrio,Euros,Amurrio,1575.7
2022,,,Aramaio,Euros,Aramaio,1090.6
2023,,,Aramaio,Euros,Aramaio,1220.8
2022,,,Artziniega,Euros,Artziniega,1465.8
2023,,,Artziniega,Euros,Artziniega,1606.9
2022,,,Armiñón,Euros,Armiñón,1046.1
2023,,,Armiñón,Euros,Armiñón,1176.0
2022,,,Arratzua-Ubarrundia,Euros,Arratzua-Ubarrundia,1302.7
2023,,,Arratzua-Ubarrundia,Euros,Arratzua-Ubarrundia,1442.1
2022,,,Asparrena,Euros,Asparrena,1253.7
2023,,,Asparrena,Euros,Asparrena,1410.8
2022,,Añana (county),,Euros,Añana (county),1088.5
2023,,Añana (county),,Euros,Añana (county),1220.0
2022,,,Ayala/Aiara,Euros,Ayala/Aiara,1269.8
2023,,,Ayala/Aiara,Euros,Ayala/Aiara,1391.2
2022,,,Baños de Ebro/Mañueta,Euros,Baños de Ebro/Mañueta,710.7
2023,,,Baños de Ebro/Mañueta,Euros,Baños de Ebro/Mañueta,759.7
2022,,,Barrundia,Euros,Barrundia,1035.5
2023,,,Barrundia,Euros,Barrundia,1169.8
2022,,,Berantevilla,Euros,Berantevilla,1001.8
2023,,,Berantevilla,Euros,Berantevilla,1099.0
2022,,,Bernedo,Euros,Bernedo,874.8
2023,,,Bernedo,Euros,Bernedo,970.3
2022,,,Campezo/Kanpezu,Euros,Campezo/Kanpezu,1005.0
2023,,,Campezo/Kanpezu,Euros,Campezo/Kanpezu,1112.0
2022,,,Zigoitia,Euros,Zigoitia,1480.4
2023,,,Zigoitia,Euros,Zigoitia,1614.4
2022,,,Kripan,Euros,Kripan,851.1
2023,,,Kripan,Euros,Kripan,965.2
2022,,Arabako Lautada / Llanada Alavesa,,Euros,Arabako Lautada / Llanada Alavesa,1391.2
2023,,Arabako Lautada / Llanada Alavesa,,Euros,Arabako Lautada / Llanada Alavesa,1527.1
2022,,,Kuartango,Euros,Kuartango,1085.8
2023,,,Kuartango,Euros,Kuartango,1224.6
2022,,,Elburgo/Burgelu,Euros,Elburgo/Burgelu,1431.9
2023,,,Elburgo/Burgelu,Euros,Elburgo/Burgelu,1523.0
2022,,,Elciego,Euros,Elciego,1245.8
2023,,,Elciego,Euros,Elciego,1358.2
2022,,,Elvillar/Bilar,Euros,Elvillar/Bilar,686.9
2023,,,Elvillar/Bilar,Euros,Elvillar/Bilar,763.7
2022,,,Iruraiz-Gauna,Euros,Iruraiz-Gauna,877.3
2023,,,Iruraiz-Gauna,Euros,Iruraiz-Gauna,1004.9
2022,,,Labastida/Bastida,Euros,Labastida/Bastida,1109.9
2023,,,Labastida/Bastida,Euros,Labastida/Bastida,1221.0
2022,,Arabako Mendialdea / Montaña Alavesa,,Euros,Arabako Mendialdea / Montaña Alavesa,941.7
2023,,Arabako Mendialdea / Montaña Alavesa,,Euros,Arabako Mendialdea / Montaña Alavesa,1043.9
2022,,,Lagrán,Euros,Lagrán,886.6
2023,,,Lagrán,Euros,Lagrán,983.4
2022,,,Laguardia,Euros,Laguardia,1062.5
2023,,,Laguardia,Euros,Laguardia,1163.3
2022,,,Lanciego/Lantziego,Euros,Lanciego/Lantziego,841.2
2023,,,Lanciego/Lantziego,Euros,Lanciego/Lantziego,919.1
2022,,,Lapuebla de Labarca,Euros,Lapuebla de Labarca,906.5
2023,,,Lapuebla de Labarca,Euros,Lapuebla de Labarca,1027.3
2022,,,Leza,Euros,Leza,1148.3
2023,,,Leza,Euros,Leza,1270.3
2022,,,Laudio/Llodio,Euros,Laudio/Llodio,1460.3
2023,,,Laudio/Llodio,Euros,Laudio/Llodio,1590.8
2022,,,Arraia-Maeztu,Euros,Arraia-Maeztu,1037.1
2023,,,Arraia-Maeztu,Euros,Arraia-Maeztu,1141.6
2022,,,Moreda de Álava/Moreda Araba,Euros,Moreda de Álava/Moreda Araba,1045.7
2023,,,Moreda de Álava/Moreda Araba,Euros,Moreda de Álava/Moreda Araba,1115.6
2022,,Arabako Errioxa / Rioja Alavesa,,Euros,Arabako Errioxa / Rioja Alavesa,993.2
2023,,Arabako Errioxa / Rioja Alavesa,,Euros,Arabako Errioxa / Rioja Alavesa,1096.0
2022,,,Navaridas,Euros,Navaridas,709.5
2023,,,Navaridas,Euros,Navaridas,783.8
2022,,,Okondo,Euros,Okondo,1199.9
2023,,,Okondo,Euros,Okondo,1343.4
2022,,,Oyón-Oion,Euros,Oyón-Oion,1050.7
2023,,,Oyón-Oion,Euros,Oyón-Oion,1153.5
2022,,,Peñacerrada-Urizaharra,Euros,Peñacerrada-Urizaharra,850.4
2023,,,Peñacerrada-Urizaharra,Euros,Peñacerrada-Urizaharra,950.8
2022,,,Erriberagoitia/Ribera Alta,Euros,Erriberagoitia/Ribera Alta,1095.8
2023,,,Erriberagoitia/Ribera Alta,Euros,Erriberagoitia/Ribera Alta,1202.5
2022,,,Ribera Baja/Erribera Beitia,Euros,Ribera Baja/Erribera Beitia,1299.2
2023,,,Ribera Baja/Erribera Beitia,Euros,Ribera Baja/Erribera Beitia,1472.3
2022,,,Añana,Euros,Añana,1019.1
2023,,,Añana,Euros,Añana,1131.4
2022,,Gorbeialdea / Estribaciones del Gorbea,,Euros,Gorbeialdea / Estribaciones del Gorbea,1329.5
2023,,Gorbeialdea / Estribaciones del Gorbea,,Euros,Gorbeialdea / Estribaciones del Gorbea,1471.6
2022,,,Agurain/Salvatierra,Euros,Agurain/Salvatierra,1220.6
2023,,,Agurain/Salvatierra,Euros,Agurain/Salvatierra,1354.4
2022,,,Samaniego,Euros,Samaniego,784.0
2023,,,Samaniego,Euros,Samaniego,875.2
2022,,,San Millán/Donemiliaga,Euros,San Millán/Donemiliaga,1039.7
2023,,,San Millán/Donemiliaga,Euros,San Millán/Donemiliaga,1140.7
2022,,,Urkabustaiz,Euros,Urkabustaiz,1216.0
2023,,,Urkabustaiz,Euros,Urkabustaiz,1323.9
2022,,,Valdegovía/Gaubea,Euros,Valdegovía/Gaubea,995.9
2023,,,Valdegovía/Gaubea,Euros,Valdegovía/Gaubea,1128.7
2022,,,Harana/Valle de Arana,Euros,Harana/Valle de Arana,759.5
2023,,,Harana/Valle de Arana,Euros,Harana/Valle de Arana,841.4
2022,,,Villabuena de Álava/Eskuernaga,Euros,Villabuena de Álava/Eskuernaga,830.6
2023,,,Villabuena de Álava/Eskuernaga,Euros,Villabuena de Álava/Eskuernaga,947.4
2022,,,Legutio,Euros,Legutio,1437.0
2023,,,Legutio,Euros,Legutio,1564.7
2022,,,Vitoria-Gasteiz,Euros,Vitoria-Gasteiz,1401.0
2023,,,Vitoria-Gasteiz,Euros,Vitoria-Gasteiz,1537.1
2022,,Arabako Kantaurialdea / Cantábrica Alavesa,,Euros,Arabako Kantaurialdea / Cantábrica Alavesa,1436.9
2023,,Arabako Kantaurialdea / Cantábrica Alavesa,,Euros,Arabako Kantaurialdea / Cantábrica Alavesa,1567.8
2022,,,Yécora/Iekora,Euros,Yécora/Iekora,808.7
2023,,,Yécora/Iekora,Euros,Yécora/Iekora,905.8
2022,,,Zalduondo,Euros,Zalduondo,1254.0
2023,,,Zalduondo,Euros,Zalduondo,1396.8
2022,,,Zambrana,Euros,Zambrana,1175.8
2023,,,Zambrana,Euros,Zambrana,1283.2
2022,,,Zuia,Euros,Zuia,1380.2
2023,,,Zuia,Euros,Zuia,1555.8
2022,,,Iruña Oka/Iruña de Oca,Euros,Iruña Oka/Iruña de Oca,1281.7
2023,,,Iruña Oka/Iruña de Oca,Euros,Iruña Oka/Iruña de Oca,1424.0
2022,,,Lantarón,Euros,Lantarón,1001.2
2023,,,Lantarón,Euros,Lantarón,1133.9
2022,Gipuzkoa,,,Euros,Gipuzkoa,1331.1
2023,Gipuzkoa,,,Euros,Gipuzkoa,1461.8
2022,,,Abaltzisketa,Euros,Abaltzisketa,1287.0
2023,,,Abaltzisketa,Euros,Abaltzisketa,1419.5
2022,,,Aduna,Euros,Aduna,1261.7
2023,,,Aduna,Euros,Aduna,1368.6
2022,,,Aizarnazabal,Euros,Aizarnazabal,1360.9
2023,,,Aizarnazabal,Euros,Aizarnazabal,1483.2
2022,,,Albiztur,Euros,Albiztur,1215.5
2023,,,Albiztur,Euros,Albiztur,1349.4
2022,,,Alegia,Euros,Alegia,1193.9
2023,,,Alegia,Euros,Alegia,1317.0
2022,,,Alkiza,Euros,Alkiza,1113.9
2023,,,Alkiza,Euros,Alkiza,1194.8
2022,,,Altzo,Euros,Altzo,1315.6
2023,,,Altzo,Euros,Altzo,1522.8
2022,,,Amezketa,Euros,Amezketa,1414.6
2023,,,Amezketa,Euros,Amezketa,1529.8
2022,,,Andoain,Euros,Andoain,1371.5
2023,,,Andoain,Euros,Andoain,1497.2
2022,,Bidasoa Beherea / Bajo Bidasoa,,Euros,Bidasoa Beherea / Bajo Bidasoa,1257.8
2023,,Bidasoa Beherea / Bajo Bidasoa,,Euros,Bidasoa Beherea / Bajo Bidasoa,1380.0
2022,,,Anoeta,Euros,Anoeta,1348.9
2023,,,Anoeta,Euros,Anoeta,1467.9
2022,,,Antzuola,Euros,Antzuola,1350.4
2023,,,Antzuola,Euros,Antzuola,1483.3
2022,,,Arama,Euros,Arama,1360.3
2023,,,Arama,Euros,Arama,1491.7
2022,,,Aretxabaleta,Euros,Aretxabaleta,1084.9
2023,,,Aretxabaleta,Euros,Aretxabaleta,1201.3
2022,,,Asteasu,Euros,Asteasu,1183.4
2023,,,Asteasu,Euros,Asteasu,1300.1
2022,,,Ataun,Euros,Ataun,1297.4
2023,,,Ataun,Euros,Ataun,1428.7
2022,,,Aia,Euros,Aia,1100.9
2023,,,Aia,Euros,Aia,1227.4
2022,,,Azkoitia,Euros,Azkoitia,1352.3
2023,,,Azkoitia,Euros,Azkoitia,1496.1
2022,,,Azpeitia,Euros,Azpeitia,1336.1
2023,,,Azpeitia,Euros,Azpeitia,1460.2
2022,,,Beasain,Euros,Beasain,1478.1
2023,,,Beasain,Euros,Beasain,1618.1
2022,,Debabarrena / Bajo Deba,,Euros,Debabarrena / Bajo Deba,1323.6
2023,,Debabarrena / Bajo Deba,,Euros,Debabarrena / Bajo Deba,1455.5
2022,,,Beizama,Euros,Beizama,1041.0
2023,,,Beizama,Euros,Beizama,1117.6
2022,,,Belauntza,Euros,Belauntza,1247.4
2023,,,Belauntza,Euros,Belauntza,1387.0
2022,,,Berastegi,Euros,Berastegi,1342.5
2023,,,Berastegi,Euros,Berastegi,1469.2
2022,,,Berrobi,Euros,Berrobi,1235.4
2023,,,Berrobi,Euros,Berrobi,1369.6
2022,,,Bidania-Goiatz,Euros,Bidania-Goiatz,1158.0
2023,,,Bidania-Goiatz,Euros,Bidania-Goiatz,1284.5
2022,,,Zegama,Euros,Zegama,1187.8
2023,,,Zegama,Euros,Zegama,1327.3
2022,,,Zerain,Euros,Zerain,1223.5
2023,,,Zerain,Euros,Zerain,1374.8
2022,,,Zestoa,Euros,Zestoa,1281.3
2023,,,Zestoa,Euros,Zestoa,1399.2
2022,,,Zizurkil,Euros,Zizurkil,1336.6
2023,,,Zizurkil,Euros,Zizurkil,1474.6
2022,,,Deba,Euros,Deba,1278.5
2023,,,Deba,Euros,Deba,1408.6
2022,,Debagoiena / Alto Deba,,Euros,Debagoiena / Alto Deba,1221.7
2023,,Debagoiena / Alto Deba,,Euros,Debagoiena / Alto Deba,1342.0
2022,,,Eibar,Euros,Eibar,1348.0
2023,,,Eibar,Euros,Eibar,1485.8
2022,,,Elduain,Euros,Elduain,1358.9
2023,,,Elduain,Euros,Elduain,1452.5
2022,,,Elgoibar,Euros,Elgoibar,1371.0
2023,,,Elgoibar,Euros,Elgoibar,1498.2
2022,,,Elgeta,Euros,Elgeta,1371.5
2023,,,Elgeta,Euros,Elgeta,1505.0
2022,,,Eskoriatza,Euros,Eskoriatza,1084.2
2023,,,Eskoriatza,Euros,Eskoriatza,1182.9
2022,,,Ezkio-Itsaso,Euros,Ezkio-Itsaso,1281.4
2023,,,Ezkio-Itsaso,Euros,Ezkio-Itsaso,1408.8
2022,,,Hondarribia,Euros,Hondarribia,1350.7
2023,,,Hondarribia,Euros,Hondarribia,1482.5
2022,,,Gaintza,Euros,Gaintza,1454.7
2023,,,Gaintza,Euros,Gaintza,1627.9
2022,,,Gabiria,Euros,Gabiria,1266.7
2023,,,Gabiria,Euros,Gabiria,1381.5
2022,,,Getaria,Euros,Getaria,1165.1
2023,,,Getaria,Euros,Getaria,1278.8
2022,,Donostialdea,,Euros,Donostialdea,1351.0
2023,,Donostialdea,,Euros,Donostialdea,1483.7
2022,,,Hernani,Euros,Hernani,1274.0
2023,,,Hernani,Euros,Hernani,1405.5
2022,,,Hernialde,Euros,Hernialde,1455.7
2023,,,Hernialde,Euros,Hernialde,1496.2
2022,,,Ibarra,Euros,Ibarra,1344.8
2023,,,Ibarra,Euros,Ibarra,1479.2
2022,,,Idiazabal,Euros,Idiazabal,1329.9
2023,,,Idiazabal,Euros,Idiazabal,1454.1
2022,,,Ikaztegieta,Euros,Ikaztegieta,1320.8
2023,,,Ikaztegieta,Euros,Ikaztegieta,1418.1
2022,,,Irun,Euros,Irun,1232.6
2023,,,Irun,Euros,Irun,1351.9
2022,,,Irura,Euros,Irura,1321.0
2023,,,Irura,Euros,Irura,1425.4
2022,,,Itsasondo,Euros,Itsasondo,1286.3
2023,,,Itsasondo,Euros,Itsasondo,1392.4
2022,,,Larraul,Euros,Larraul,1145.5
2023,,,Larraul,Euros,Larraul,1283.8
2022,,,Lazkao,Euros,Lazkao,1453.6
2023,,,Lazkao,Euros,Lazkao,1580.3
2022,,Goierri,,Euros,Goierri,1426.6
2023,,Goierri,,Euros,Goierri,1565.3
2022,,,Leaburu,Euros,Leaburu,1313.0
2023,,,Leaburu,Euros,Leaburu,1453.9
2022,,,Legazpi,Euros,Legazpi,1470.5
2023,,,Legazpi,Euros,Legazpi,1621.7
2022,,,Legorreta,Euros,Legorreta,1371.1
2023,,,Legorreta,Euros,Legorreta,1487.5
2022,,,Lezo,Euros,Lezo,1257.1
2023,,,Lezo,Euros,Lezo,1380.9
2022,,,Lizartza,Euros,Lizartza,1289.7
2023,,,Lizartza,Euros,Lizartza,1451.0
2022,,,Arrasate/Mondragón,Euros,Arrasate/Mondragón,1158.9
2023,,,Arrasate/Mondragón,Euros,Arrasate/Mondragón,1271.1
2022,,,Mutriku,Euros,Mutriku,1174.8
2023,,,Mutriku,Euros,Mutriku,1301.5
2022,,,Mutiloa,Euros,Mutiloa,1108.7
2023,,,Mutiloa,Euros,Mutiloa,1240.0
2022,,,Olaberria,Euros,Olaberria,1533.3
2023,,,Olaberria,Euros,Olaberria,1675.5
2022,,,Oñati,Euros,Oñati,1273.1
2023,,,Oñati,Euros,Oñati,1403.8
2022,,Tolosaldea,,Euros,Tolosaldea,1335.3
2023,,Tolosaldea,,Euros,Tolosaldea,1465.2
2022,,,Orexa,Euros,Orexa,1464.2
2023,,,Orexa,Euros,Orexa,1692.6
2022,,,Orio,Euros,Orio,1235.4
2023,,,Orio,Euros,Orio,1367.5
2022,,,Ormaiztegi,Euros,Ormaiztegi,1337.7
2023,,,Ormaiztegi,Euros,Ormaiztegi,1461.5
2022,,,Oiartzun,Euros,Oiartzun,1272.6
2023,,,Oiartzun,Euros,Oiartzun,1397.1
2022,,,Pasaia,Euros,Pasaia,1175.1
2023,,,Pasaia,Euros,Pasaia,1288.0
2022,,,Soraluze/Placencia de las Armas,Euros,Soraluze/Placencia de las Armas,1287.2
2023,,,Soraluze/Placencia de las Armas,Euros,Soraluze/Placencia de las Armas,1405.3
2022,,,Errezil,Euros,Errezil,1008.9
2023,,,Errezil,Euros,Errezil,1085.5
2022,,,Errenteria,Euros,Errenteria,1241.8
2023,,,Errenteria,Euros,Errenteria,1360.9
2022,,,Leintz-Gatzaga,Euros,Leintz-Gatzaga,1197.8
2023,,,Leintz-Gatzaga,Euros,Leintz-Gatzaga,1338.5
2022,,,Donostia / San Sebastián,Euros,Donostia / San Sebastián,1399.3
2023,,,Donostia / San Sebastián,Euros,Donostia / San Sebastián,1538.5
2022,,Urola Kosta,,Euros,Urola Kosta,1335.3
2023,,Urola Kosta,,Euros,Urola Kosta,1467.1
2022,,,Segura,Euros,Segura,1315.6
2023,,,Segura,Euros,Segura,1439.6
2022,,,Tolosa,Euros,Tolosa,1370.9
2023,,,Tolosa,Euros,Tolosa,1503.3
2022,,,Urnieta,Euros,Urnieta,1292.9
2023,,,Urnieta,Euros,Urnieta,1429.3
2022,,,Usurbil,Euros,Usurbil,1387.8
2023,,,Usurbil,Euros,Usurbil,1514.2
2022,,,Bergara,Euros,Bergara,1352.0
2023,,,Bergara,Euros,Bergara,1482.9
2022,,,Villabona,Euros,Villabona,1320.6
2023,,,Villabona,Euros,Villabona,1453.0
2022,,,Ordizia,Euros,Ordizia,1464.0
2023,,,Ordizia,Euros,Ordizia,1616.8
2022,,,Urretxu,Euros,Urretxu,1413.5
2023,,,Urretxu,Euros,Urretxu,1556.9
2022,,,Zaldibia,Euros,Zaldibia,1372.3
2023,,,Zaldibia,Euros,Zaldibia,1495.1
2022,,,Zarautz,Euros,Zarautz,1371.0
2023,,,Zarautz,Euros,Zarautz,1508.0
2022,,,Zumarraga,Euros,Zumarraga,1432.2
2023,,,Zumarraga,Euros,Zumarraga,1565.0
2022,,,Zumaia,Euros,Zumaia,1429.4
2023,,,Zumaia,Euros,Zumaia,1564.5
2022,,,Mendaro,Euros,Mendaro,1264.3
2023,,,Mendaro,Euros,Mendaro,1392.6
2022,,,Lasarte-Oria,Euros,Lasarte-Oria,1390.4
2023,,,Lasarte-Oria,Euros,Lasarte-Oria,1518.4
2022,,,Astigarraga,Euros,Astigarraga,1299.4
2023,,,Astigarraga,Euros,Astigarraga,1417.3
2022,,,Baliarrain,Euros,Baliarrain,1197.2
2023,,,Baliarrain,Euros,Baliarrain,1344.4
2022,,,Orendain,Euros,Orendain,1067.7
2023,,,Orendain,Euros,Orendain,1194.9
2022,,,Altzaga,Euros,Altzaga,1264.8
2023,,,Altzaga,Euros,Altzaga,1344.4
2022,,,Gaztelu,Euros,Gaztelu,1212.2
2023,,,Gaztelu,Euros,Gaztelu,1314.3
2022,Bizkaia,,,Euros,Bizkaia,1364.3
2023,Bizkaia,,,Euros,Bizkaia,1495.9
2022,,,Abadiño,Euros,Abadiño,1429.1
2023,,,Abadiño,Euros,Abadiño,1559.3
2022,,,Abanto y Ciérvana-Abanto Zierbena,Euros,Abanto y Ciérvana-Abanto Zierbena,1380.5
2023,,,Abanto y Ciérvana-Abanto Zierbena,Euros,Abanto y Ciérvana-Abanto Zierbena,1514.0
2022,,,Amorebieta-Etxano,Euros,Amorebieta-Etxano,1399.2
2023,,,Amorebieta-Etxano,Euros,Amorebieta-Etxano,1528.6
2022,,,Amoroto,Euros,Amoroto,1055.1
2023,,,Amoroto,Euros,Amoroto,1191.2
2022,,,Arakaldo,Euros,Arakaldo,951.3
2023,,,Arakaldo,Euros,Arakaldo,1144.0
2022,,,Arantzazu,Euros,Arantzazu,1539.5
2023,,,Arantzazu,Euros,Arantzazu,1751.3
2022,,,Munitibar-Arbatzegi Gerrikaitz,Euros,Munitibar-Arbatzegi Gerrikaitz,986.0
2023,,,Munitibar-Arbatzegi Gerrikaitz,Euros,Munitibar-Arbatzegi Gerrikaitz,1122.6
2022,,,Artzentales,Euros,Artzentales,1142.0
2023,,,Artzentales,Euros,Artzentales,1280.0
2022,,,Arrankudiaga-Zollo,Euros,Arrankudiaga-Zollo,1392.6
2023,,,Arrankudiaga-Zollo,Euros,Arrankudiaga-Zollo,1496.1
2022,,Arratia Nerbioi / Arratia-Nervión,,Euros,Arratia Nerbioi / Arratia-Nervión,1349.6
2023,,Arratia Nerbioi / Arratia-Nervión,,Euros,Arratia Nerbioi / Arratia-Nervión,1482.6
2022,,,Arrieta,Euros,Arrieta,1026.5
2023,,,Arrieta,Euros,Arrieta,1202.9
2022,,,Arrigorriaga,Euros,Arrigorriaga,1327.8
2023,,,Arrigorriaga,Euros,Arrigorriaga,1466.7
2022,,,Bakio,Euros,Bakio,1342.2
2023,,,Bakio,Euros,Bakio,1460.8
2022,,,Barakaldo,Euros,Barakaldo,1350.9
2023,,,Barakaldo,Euros,Barakaldo,1475.0
2022,,,Barrika,Euros,Barrika,1522.1
2023,,,Barrika,Euros,Barrika,1659.8
2022,,,Basauri,Euros,Basauri,1325.3
2023,,,Basauri,Euros,Basauri,1443.7
2022,,,Berango,Euros,Berango,1441.6
2023,,,Berango,Euros,Berango,1583.1
2022,,,Bermeo,Euros,Bermeo,1195.4
2023,,,Bermeo,Euros,Bermeo,1320.3
2022,,,Berriatua,Euros,Berriatua,1078.6
2023,,,Berriatua,Euros,Berriatua,1183.6
2022,,,Berriz,Euros,Berriz,1356.1
2023,,,Berriz,Euros,Berriz,1480.5
2022,,Bilbo Handia / Gran Bilbao,,Euros,Bilbo Handia / Gran Bilbao,1377.5
2023,,Bilbo Handia / Gran Bilbao,,Euros,Bilbo Handia / Gran Bilbao,1509.5
2022,,,Bilbao,Euros,Bilbao,1350.7
2023,,,Bilbao,Euros,Bilbao,1484.7
2022,,,Busturia,Euros,Busturia,1255.4
2023,,,Busturia,Euros,Busturia,1394.8
2022,,,Karrantza Harana/Valle de Carranza,Euros,Karrantza Harana/Valle de Carranza,977.8
2023,,,Karrantza Harana/Valle de Carranza,Euros,Karrantza Harana/Valle de Carranza,1073.3
2022,,,Artea,Euros,Artea,1582.2
2023,,,Artea,Euros,Artea,1701.5
2022,,,Zeanuri,Euros,Zeanuri,1352.1
2023,,,Zeanuri,Euros,Zeanuri,1495.8
2022,,,Zeberio,Euros,Zeberio,1350.6
2023,,,Zeberio,Euros,Zeberio,1466.3
2022,,,Dima,Euros,Dima,1267.4
2023,,,Dima,Euros,Dima,1400.9
2022,,,Durango,Euros,Durango,1437.1
2023,,,Durango,Euros,Durango,1574.6
2022,,,Ea,Euros,Ea,1157.4
2023,,,Ea,Euros,Ea,1299.8
2022,,,Etxebarri,Euros,Etxebarri,1313.8
2023,,,Etxebarri,Euros,Etxebarri,1428.0
2022,,Durangaldea / Duranguesado,,Euros,Durangaldea / Duranguesado,1389.8
2023,,Durangaldea / Duranguesado,,Euros,Durangaldea / Duranguesado,1521.6
2022,,,Etxebarria,Euros,Etxebarria,1212.6
2023,,,Etxebarria,Euros,Etxebarria,1326.8
2022,,,Elantxobe,Euros,Elantxobe,1102.1
2023,,,Elantxobe,Euros,Elantxobe,1169.1
2022,,,Elorrio,Euros,Elorrio,1341.2
2023,,,Elorrio,Euros,Elorrio,1468.1
2022,,,Ereño,Euros,Ereño,1206.5
2023,,,Ereño,Euros,Ereño,1351.3
2022,,,Ermua,Euros,Ermua,1350.6
2023,,,Ermua,Euros,Ermua,1477.2
2022,,,Fruiz,Euros,Fruiz,1235.9
2023,,,Fruiz,Euros,Fruiz,1368.5
2022,,,Galdakao,Euros,Galdakao,1484.6
2023,,,Galdakao,Euros,Galdakao,1625.6
2022,,,Galdames,Euros,Galdames,1194.3
2023,,,Galdames,Euros,Galdames,1336.5
2022,,,Gamiz-Fika,Euros,Gamiz-Fika,1340.8
2023,,,Gamiz-Fika,Euros,Gamiz-Fika,1508.9
2022,,,Garai,Euros,Garai,1461.6
2023,,,Garai,Euros,Garai,1578.5
2022,,Enkartazioak / Encartaciones,,Euros,Enkartazioak / Encartaciones,1231.7
2023,,Enkartazioak / Encartaciones,,Euros,Enkartazioak / Encartaciones,1357.3
2022,,,Gatika,Euros,Gatika,1431.2
2023,,,Gatika,Euros,Gatika,1559.6
2022,,,Gautegiz Arteaga,Euros,Gautegiz Arteaga,1379.9
2023,,,Gautegiz Arteaga,Euros,Gautegiz Arteaga,1497.6
2022,,,Gordexola,Euros,Gordexola,1326.8
2023,,,Gordexola,Euros,Gordexola,1455.9
2022,,,Gorliz,Euros,Gorliz,1456.3
2023,,,Gorliz,Euros,Gorliz,1595.8
2022,,,Getxo,Euros,Getxo,1597.4
2023,,,Getxo,Euros,Getxo,1748.9
2022,,,Güeñes,Euros,Güeñes,1219.1
2023,,,Güeñes,Euros,Güeñes,1353.9
2022,,,Gernika-Lumo,Euros,Gernika-Lumo,1252.7
2023,,,Gernika-Lumo,Euros,Gernika-Lumo,1373.7
2022,,,Gizaburuaga,Euros,Gizaburuaga,1115.2
2023,,,Gizaburuaga,Euros,Gizaburuaga,1224.3
2022,,,Ibarrangelu,Euros,Ibarrangelu,1378.4
2023,,,Ibarrangelu,Euros,Ibarrangelu,1528.6
2022,,,Ispaster,Euros,Ispaster,1083.2
2023,,,Ispaster,Euros,Ispaster,1219.8
2022,,Gernika-Bermeo,,Euros,Gernika-Bermeo,1222.9
2023,,Gernika-Bermeo,,Euros,Gernika-Bermeo,1348.0
2022,,,Izurtza,Euros,Izurtza,1470.4
2023,,,Izurtza,Euros,Izurtza,1568.0
2022,,,Lanestosa,Euros,Lanestosa,836.6
2023,,,Lanestosa,Euros,Lanestosa,933.2
2022,,,Larrabetzu,Euros,Larrabetzu,1391.9
2023,,,Larrabetzu,Euros,Larrabetzu,1514.9
2022,,,Laukiz,Euros,Laukiz,1485.4
2023,,,Laukiz,Euros,Laukiz,1630.5
2022,,,Leioa,Euros,Leioa,1448.3
2023,,,Leioa,Euros,Leioa,1584.0
2022,,,Lemoa,Euros,Lemoa,1375.9
2023,,,Lemoa,Euros,Lemoa,1523.0
2022,,,Lemoiz,Euros,Lemoiz,1308.9
2023,,,Lemoiz,Euros,Lemoiz,1444.8
2022,,,Lekeitio,Euros,Lekeitio,1213.0
2023,,,Lekeitio,Euros,Lekeitio,1328.4
2022,,,Mallabia,Euros,Mallabia,1210.7
2023,,,Mallabia,Euros,Mallabia,1344.5
2022,,,Mañaria,Euros,Mañaria,1237.4
2023,,,Mañaria,Euros,Mañaria,1360.6
2022,,Markina-Ondarroa,,Euros,Markina-Ondarroa,1167.8
2023,,Markina-Ondarroa,,Euros,Markina-Ondarroa,1283.8
2022,,,Markina-Xemein,Euros,Markina-Xemein,1193.5
2023,,,Markina-Xemein,Euros,Markina-Xemein,1316.3
2022,,,Maruri-Jatabe,Euros,Maruri-Jatabe,1404.4
2023,,,Maruri-Jatabe,Euros,Maruri-Jatabe,1562.0
2022,,,Mendata,Euros,Mendata,1059.0
2023,,,Mendata,Euros,Mendata,1149.8
2022,,,Mendexa,Euros,Mendexa,1169.8
2023,,,Mendexa,Euros,Mendexa,1352.0
2022,,,Meñaka,Euros,Meñaka,1373.9
2023,,,Meñaka,Euros,Meñaka,1514.6
2022,,,Ugao-Miraballes,Euros,Ugao-Miraballes,1335.1
2023,,,Ugao-Miraballes,Euros,Ugao-Miraballes,1452.8
2022,,,Morga,Euros,Morga,1177.2
2023,,,Morga,Euros,Morga,1305.1
2022,,,Muxika,Euros,Muxika,1133.9
2023,,,Muxika,Euros,Muxika,1248.1
2022,,,Mundaka,Euros,Mundaka,1284.3
2023,,,Mundaka,Euros,Mundaka,1428.5
2022,,,Mungia,Euros,Mungia,1422.5
2023,,,Mungia,Euros,Mungia,1556.9
2022,,Plentzia-Mungia,,Euros,Plentzia-Mungia,1441.8
2023,,Plentzia-Mungia,,Euros,Plentzia-Mungia,1583.3
2022,,,Aulesti,Euros,Aulesti,1064.6
2023,,,Aulesti,Euros,Aulesti,1161.7
2022,,,Muskiz,Euros,Muskiz,1393.6
2023,,,Muskiz,Euros,Muskiz,1524.2
2022,,,Otxandio,Euros,Otxandio,1206.2
2023,,,Otxandio,Euros,Otxandio,1329.6
2022,,,Ondarroa,Euros,Ondarroa,1154.7
2023,,,Ondarroa,Euros,Ondarroa,1264.7
2022,,,Urduña/Orduña,Euros,Urduña/Orduña,1330.0
2023,,,Urduña/Orduña,Euros,Urduña/Orduña,1481.2
2022,,,Orozko,Euros,Orozko,1328.8
2023,,,Orozko,Euros,Orozko,1470.0
2022,,,Sukarrieta,Euros,Sukarrieta,1354.1
2023,,,Sukarrieta,Euros,Sukarrieta,1461.0
2022,,,Plentzia,Euros,Plentzia,1544.1
2023,,,Plentzia,Euros,Plentzia,1703.1
2022,,,Portugalete,Euros,Portugalete,1375.9
2023,,,Portugalete,Euros,Portugalete,1504.4
2022,,,Errigoiti,Euros,Errigoiti,1130.5
2023,,,Errigoiti,Euros,Errigoiti,1272.6
2022,,,Valle de Trápaga-Trapagaran,Euros,Valle de Trápaga-Trapagaran,1370.8
2023,,,Valle de Trápaga-Trapagaran,Euros,Valle de Trápaga-Trapagaran,1501.7
2022,,,Lezama,Euros,Lezama,1390.8
2023,,,Lezama,Euros,Lezama,1534.5
2022,,,Santurtzi,Euros,Santurtzi,1353.8
2023,,,Santurtzi,Euros,Santurtzi,1479.3
2022,,,Ortuella,Euros,Ortuella,1358.3
2023,,,Ortuella,Euros,Ortuella,1484.4
2022,,,Sestao,Euros,Sestao,1330.3
2023,,,Sestao,Euros,Sestao,1448.3
2022,,,Sopela,Euros,Sopela,1500.7
2023,,,Sopela,Euros,Sopela,1649.8
2022,,,Sopuerta,Euros,Sopuerta,1295.6
2023,,,Sopuerta,Euros,Sopuerta,1412.2
2022,,,Trucios-Turtzioz,Euros,Trucios-Turtzioz,1159.7
2023,,,Trucios-Turtzioz,Euros,Trucios-Turtzioz,1288.1
2022,,,Ubide,Euros,Ubide,1150.9
2023,,,Ubide,Euros,Ubide,1237.1
2022,,,Urduliz,Euros,Urduliz,1440.2
2023,,,Urduliz,Euros,Urduliz,1578.9
2022,,,Balmaseda,Euros,Balmaseda,1185.7
2023,,,Balmaseda,Euros,Balmaseda,1313.9
2022,,,Atxondo,Euros,Atxondo,1411.0
2023,,,Atxondo,Euros,Atxondo,1570.6
2022,,,Bedia,Euros,Bedia,1283.4
2023,,,Bedia,Euros,Bedia,1413.4
2022,,,Areatza,Euros,Areatza,1353.4
2023,,,Areatza,Euros,Areatza,1499.0
2022,,,Igorre,Euros,Igorre,1416.0
2023,,,Igorre,Euros,Igorre,1546.5
2022,,,Zaldibar,Euros,Zaldibar,1406.7
2023,,,Zaldibar,Euros,Zaldibar,1545.6
2022,,,Zalla,Euros,Zalla,1376.4
2023,,,Zalla,Euros,Zalla,1503.5
2022,,,Zaratamo,Euros,Zaratamo,1412.5
2023,,,Zaratamo,Euros,Zaratamo,1547.7
2022,,,Derio,Euros,Derio,1228.0
2023,,,Derio,Euros,Derio,1342.7
2022,,,Erandio,Euros,Erandio,1257.6
2023,,,Erandio,Euros,Erandio,1371.1
2022,,,Loiu,Euros,Loiu,1381.1
2023,,,Loiu,Euros,Loiu,1524.5
2022,,,Sondika,Euros,Sondika,1345.5
2023,,,Sondika,Euros,Sondika,1501.2
2022,,,Zamudio,Euros,Zamudio,1290.7
2023,,,Zamudio,Euros,Zamudio,1412.4
2022,,,Forua,Euros,Forua,1234.8
2023,,,Forua,Euros,Forua,1408.6
2022,,,Kortezubi,Euros,Kortezubi,1089.9
2023,,,Kortezubi,Euros,Kortezubi,1184.9
2022,,,Murueta,Euros,Murueta,1419.4
2023,,,Murueta,Euros,Murueta,1559.8
2022,,,Nabarniz,Euros,Nabarniz,1065.5
2023,,,Nabarniz,Euros,Nabarniz,1158.6
2022,,,Iurreta,Euros,Iurreta,1358.0
2023,,,Iurreta,Euros,Iurreta,1481.0
2022,,,Ajangiz,Euros,Ajangiz,1230.7
2023,,,Ajangiz,Euros,Ajangiz,1354.2
2022,,,Alonsotegi,Euros,Alonsotegi,1232.0
2023,,,Alonsotegi,Euros,Alonsotegi,1358.5
2022,,,Zierbena,Euros,Zierbena,1511.9
2023,,,Zierbena,Euros,Zierbena,1620.5
2022,,,Arratzu,Euros,Arratzu,1207.9
2023,,,Arratzu,Euros,Arratzu,1306.5
2022,,,Ziortza-Bolibar,Euros,Ziortza-Bolibar,1162.4
2023,,,Ziortza-Bolibar,Euros,Ziortza-Bolibar,1309.2
2022,,,,Euros,,1354.2
2023,,,,Euros,,1485.8
