Year,ServPub,Sexo,Territorio,Units,Value
2021,SP_PSR_SATIS,,,PT,55.1
2019,SP_PSR_SATIS,,,PT,57.3
2016,SP_PSR_SATIS,,,PT,50.4
2022,SP_PSR_SATIS,,,PT,51
2012,SP_PSR_SATIS,,,PT,50.3
2017,SP_PSR_SATIS,,,PT,57.4
2014,SP_PSR_SATIS,,,PT,41.2
2013,SP_PSR_SATIS,,,PT,40.2
2015,SP_PSR_SATIS,,,PT,46.3
2018,SP_PSR_SATIS,,,PT,57.4
2020,SP_PSR_SATIS,,,PT,54.1
2011,SP_PSR_SATIS,,,PT,47.7
2023,SP_PSR_SATIS,,,PT,56.8
2018,SP_PSR_SATIS,,ES211,PT,56
2023,SP_PSR_SATIS,,ES211,PT,55.7
2021,SP_PSR_SATIS,,ES211,PT,48.2
2017,SP_PSR_SATIS,,ES211,PT,60.5
2020,SP_PSR_SATIS,,ES211,PT,47.3
2016,SP_PSR_SATIS,,ES211,PT,49.6
2019,SP_PSR_SATIS,,ES211,PT,54.8
2022,SP_PSR_SATIS,,ES211,PT,42.7
2020,SP_PSR_SATIS,,ES213,PT,56.9
2023,SP_PSR_SATIS,,ES213,PT,53.1
2018,SP_PSR_SATIS,,ES213,PT,55.7
2016,SP_PSR_SATIS,,ES213,PT,45
2021,SP_PSR_SATIS,,ES213,PT,57.9
2019,SP_PSR_SATIS,,ES213,PT,51.2
2017,SP_PSR_SATIS,,ES213,PT,50.4
2022,SP_PSR_SATIS,,ES213,PT,54.9
2022,SP_PSR_SATIS,,ES212,PT,51
2021,SP_PSR_SATIS,,ES212,PT,54.8
2023,SP_PSR_SATIS,,ES212,PT,59.4
2020,SP_PSR_SATIS,,ES212,PT,54.9
2017,SP_PSR_SATIS,,ES212,PT,62.1
2016,SP_PSR_SATIS,,ES212,PT,55.9
2019,SP_PSR_SATIS,,ES212,PT,61.6
2018,SP_PSR_SATIS,,ES212,PT,59.8
2020,SP_PSR_SATIS,F,,PT,50.2
2017,SP_PSR_SATIS,F,,PT,57
2023,SP_PSR_SATIS,F,,PT,54.8
2018,SP_PSR_SATIS,F,,PT,54.5
2019,SP_PSR_SATIS,F,,PT,54.6
2022,SP_PSR_SATIS,F,,PT,49.1
2021,SP_PSR_SATIS,F,,PT,53.1
2016,SP_PSR_SATIS,F,,PT,46.6
2019,SP_PSR_SATIS,F,ES211,PT,52.2
2018,SP_PSR_SATIS,F,ES211,PT,58
2023,SP_PSR_SATIS,F,ES211,PT,56.8
2021,SP_PSR_SATIS,F,ES211,PT,32.2
2022,SP_PSR_SATIS,F,ES211,PT,41.2
2017,SP_PSR_SATIS,F,ES211,PT,56.2
2020,SP_PSR_SATIS,F,ES211,PT,44.6
2016,SP_PSR_SATIS,F,ES211,PT,48
2021,SP_PSR_SATIS,F,ES213,PT,55.5
2019,SP_PSR_SATIS,F,ES213,PT,45
2020,SP_PSR_SATIS,F,ES213,PT,52.2
2017,SP_PSR_SATIS,F,ES213,PT,47.6
2016,SP_PSR_SATIS,F,ES213,PT,36.8
2022,SP_PSR_SATIS,F,ES213,PT,54.7
2023,SP_PSR_SATIS,F,ES213,PT,48.4
2018,SP_PSR_SATIS,F,ES213,PT,49.1
2020,SP_PSR_SATIS,F,ES212,PT,51.6
2021,SP_PSR_SATIS,F,ES212,PT,54
2016,SP_PSR_SATIS,F,ES212,PT,55.2
2023,SP_PSR_SATIS,F,ES212,PT,58.6
2019,SP_PSR_SATIS,F,ES212,PT,61.4
2022,SP_PSR_SATIS,F,ES212,PT,47.6
2017,SP_PSR_SATIS,F,ES212,PT,67.3
2018,SP_PSR_SATIS,F,ES212,PT,58.5
2021,SP_PSR_SATIS,M,,PT,57.5
2023,SP_PSR_SATIS,M,,PT,59
2020,SP_PSR_SATIS,M,,PT,58.3
2016,SP_PSR_SATIS,M,,PT,54.6
2019,SP_PSR_SATIS,M,,PT,60.3
2018,SP_PSR_SATIS,M,,PT,59.9
2022,SP_PSR_SATIS,M,,PT,52.8
2017,SP_PSR_SATIS,M,,PT,57.8
2018,SP_PSR_SATIS,M,ES211,PT,53.8
2017,SP_PSR_SATIS,M,ES211,PT,63.9
2016,SP_PSR_SATIS,M,ES211,PT,51.1
2021,SP_PSR_SATIS,M,ES211,PT,57.9
2023,SP_PSR_SATIS,M,ES211,PT,55
2019,SP_PSR_SATIS,M,ES211,PT,56.8
2020,SP_PSR_SATIS,M,ES211,PT,51.1
2022,SP_PSR_SATIS,M,ES211,PT,44.4
2020,SP_PSR_SATIS,M,ES213,PT,61
2017,SP_PSR_SATIS,M,ES213,PT,54
2019,SP_PSR_SATIS,M,ES213,PT,59
2018,SP_PSR_SATIS,M,ES213,PT,60.8
2022,SP_PSR_SATIS,M,ES213,PT,55.8
2021,SP_PSR_SATIS,M,ES213,PT,61.3
2016,SP_PSR_SATIS,M,ES213,PT,53.7
2023,SP_PSR_SATIS,M,ES213,PT,60
2019,SP_PSR_SATIS,M,ES212,PT,62
2022,SP_PSR_SATIS,M,ES212,PT,53.7
2023,SP_PSR_SATIS,M,ES212,PT,60.5
2016,SP_PSR_SATIS,M,ES212,PT,56.9
2021,SP_PSR_SATIS,M,ES212,PT,55.6
2018,SP_PSR_SATIS,M,ES212,PT,61.1
2017,SP_PSR_SATIS,M,ES212,PT,57.4
2020,SP_PSR_SATIS,M,ES212,PT,58.6
2016,EU_PSR_SATIS_EDU,,,PT,60
2022,EU_PSR_SATIS_EDU,,,PT,60.9
2021,EU_PSR_SATIS_EDU,,,PT,54.4
2013,EU_PSR_SATIS_EDU,,,PT,45.5
2017,EU_PSR_SATIS_EDU,,,PT,69.5
2019,EU_PSR_SATIS_EDU,,,PT,72.2
2014,EU_PSR_SATIS_EDU,,,PT,54
2018,EU_PSR_SATIS_EDU,,,PT,70.9
2023,EU_PSR_SATIS_EDU,,,PT,65.3
2020,EU_PSR_SATIS_EDU,,,PT,56.5
2015,EU_PSR_SATIS_EDU,,,PT,59.4
2012,EU_PSR_SATIS_EDU,,,PT,66
2011,EU_PSR_SATIS_EDU,,,PT,66.7
2016,EU_PSR_SATIS_EDU,,ES211,PT,77.8
2021,EU_PSR_SATIS_EDU,,ES211,PT,61.2
2022,EU_PSR_SATIS_EDU,,ES211,PT,42
2019,EU_PSR_SATIS_EDU,,ES211,PT,41.7
2017,EU_PSR_SATIS_EDU,,ES211,PT,60
2020,EU_PSR_SATIS_EDU,,ES211,PT,33.3
2023,EU_PSR_SATIS_EDU,,ES211,PT,57
2018,EU_PSR_SATIS_EDU,,ES211,PT,76.5
2020,EU_PSR_SATIS_EDU,,ES213,PT,58.8
2017,EU_PSR_SATIS_EDU,,ES213,PT,72.2
2023,EU_PSR_SATIS_EDU,,ES213,PT,66.2
2019,EU_PSR_SATIS_EDU,,ES213,PT,69
2021,EU_PSR_SATIS_EDU,,ES213,PT,53.2
2016,EU_PSR_SATIS_EDU,,ES213,PT,48.8
2018,EU_PSR_SATIS_EDU,,ES213,PT,58.3
2022,EU_PSR_SATIS_EDU,,ES213,PT,63.9
2023,EU_PSR_SATIS_EDU,,ES212,PT,67.7
2016,EU_PSR_SATIS_EDU,,ES212,PT,63.6
2018,EU_PSR_SATIS_EDU,,ES212,PT,82.2
2022,EU_PSR_SATIS_EDU,,ES212,PT,64.4
2017,EU_PSR_SATIS_EDU,,ES212,PT,72.7
2019,EU_PSR_SATIS_EDU,,ES212,PT,80.3
2020,EU_PSR_SATIS_EDU,,ES212,PT,66
2021,EU_PSR_SATIS_EDU,,ES212,PT,53.9
2020,EU_PSR_SATIS_EDU,F,,PT,50.7
2016,EU_PSR_SATIS_EDU,F,,PT,51.9
2019,EU_PSR_SATIS_EDU,F,,PT,68.9
2018,EU_PSR_SATIS_EDU,F,,PT,70.4
2021,EU_PSR_SATIS_EDU,F,,PT,59.6
2022,EU_PSR_SATIS_EDU,F,,PT,63
2017,EU_PSR_SATIS_EDU,F,,PT,70.6
2023,EU_PSR_SATIS_EDU,F,,PT,67.2
2022,EU_PSR_SATIS_EDU,F,ES211,PT,38.6
2019,EU_PSR_SATIS_EDU,F,ES211,PT,20
2023,EU_PSR_SATIS_EDU,F,ES211,PT,53.7
2016,EU_PSR_SATIS_EDU,F,ES211,PT,77.8
2021,EU_PSR_SATIS_EDU,F,ES211,PT,52.7
2018,EU_PSR_SATIS_EDU,F,ES211,PT,80
2017,EU_PSR_SATIS_EDU,F,ES211,PT,63.6
2020,EU_PSR_SATIS_EDU,F,ES211,PT,20
2021,EU_PSR_SATIS_EDU,F,ES213,PT,55.1
2022,EU_PSR_SATIS_EDU,F,ES213,PT,74
2018,EU_PSR_SATIS_EDU,F,ES213,PT,57.1
2016,EU_PSR_SATIS_EDU,F,ES213,PT,42.9
2023,EU_PSR_SATIS_EDU,F,ES213,PT,70
2019,EU_PSR_SATIS_EDU,F,ES213,PT,60.9
2020,EU_PSR_SATIS_EDU,F,ES213,PT,50
2017,EU_PSR_SATIS_EDU,F,ES213,PT,72.2
2021,EU_PSR_SATIS_EDU,F,ES212,PT,63
2023,EU_PSR_SATIS_EDU,F,ES212,PT,69.1
2020,EU_PSR_SATIS_EDU,F,ES212,PT,66.7
2018,EU_PSR_SATIS_EDU,F,ES212,PT,78.3
2017,EU_PSR_SATIS_EDU,F,ES212,PT,72.7
2019,EU_PSR_SATIS_EDU,F,ES212,PT,81.8
2022,EU_PSR_SATIS_EDU,F,ES212,PT,62.9
2016,EU_PSR_SATIS_EDU,F,ES212,PT,50
2020,EU_PSR_SATIS_EDU,M,,PT,62.9
2022,EU_PSR_SATIS_EDU,M,,PT,58.9
2019,EU_PSR_SATIS_EDU,M,,PT,75.9
2018,EU_PSR_SATIS_EDU,M,,PT,71.4
2017,EU_PSR_SATIS_EDU,M,,PT,68.5
2016,EU_PSR_SATIS_EDU,M,,PT,68.6
2021,EU_PSR_SATIS_EDU,M,,PT,47.9
2023,EU_PSR_SATIS_EDU,M,,PT,63
2016,EU_PSR_SATIS_EDU,M,ES211,PT,77.8
2023,EU_PSR_SATIS_EDU,M,ES211,PT,59.1
2018,EU_PSR_SATIS_EDU,M,ES211,PT,71.4
2017,EU_PSR_SATIS_EDU,M,ES211,PT,57.1
2021,EU_PSR_SATIS_EDU,M,ES211,PT,66.9
2019,EU_PSR_SATIS_EDU,M,ES211,PT,57.1
2022,EU_PSR_SATIS_EDU,M,ES211,PT,45.6
2020,EU_PSR_SATIS_EDU,M,ES211,PT,50
2016,EU_PSR_SATIS_EDU,M,ES213,PT,54.5
2019,EU_PSR_SATIS_EDU,M,ES213,PT,78.9
2021,EU_PSR_SATIS_EDU,M,ES213,PT,50.6
2023,EU_PSR_SATIS_EDU,M,ES213,PT,60.8
2022,EU_PSR_SATIS_EDU,M,ES213,PT,51.2
2017,EU_PSR_SATIS_EDU,M,ES213,PT,72.2
2020,EU_PSR_SATIS_EDU,M,ES213,PT,66.7
2018,EU_PSR_SATIS_EDU,M,ES213,PT,59.3
2020,EU_PSR_SATIS_EDU,M,ES212,PT,65.2
2019,EU_PSR_SATIS_EDU,M,ES212,PT,78.6
2021,EU_PSR_SATIS_EDU,M,ES212,PT,42.1
2016,EU_PSR_SATIS_EDU,M,ES212,PT,80
2018,EU_PSR_SATIS_EDU,M,ES212,PT,86.4
2023,EU_PSR_SATIS_EDU,M,ES212,PT,66.1
2022,EU_PSR_SATIS_EDU,M,ES212,PT,65.7
2017,EU_PSR_SATIS_EDU,M,ES212,PT,72.7
2020,SP_PSR_SATIS_HLTH,,,PT,77.2
2011,SP_PSR_SATIS_HLTH,,,PT,73.1
2017,SP_PSR_SATIS_HLTH,,,PT,79
2012,SP_PSR_SATIS_HLTH,,,PT,70.1
2014,SP_PSR_SATIS_HLTH,,,PT,69.5
2019,SP_PSR_SATIS_HLTH,,,PT,81.5
2022,SP_PSR_SATIS_HLTH,,,PT,59.5
2015,SP_PSR_SATIS_HLTH,,,PT,67.5
2013,SP_PSR_SATIS_HLTH,,,PT,50.9
2021,SP_PSR_SATIS_HLTH,,,PT,75
2023,SP_PSR_SATIS_HLTH,,,PT,62.7
2018,SP_PSR_SATIS_HLTH,,,PT,84.3
2016,SP_PSR_SATIS_HLTH,,,PT,67.2
2019,SP_PSR_SATIS_HLTH,,ES211,PT,71.4
2020,SP_PSR_SATIS_HLTH,,ES211,PT,63
2017,SP_PSR_SATIS_HLTH,,ES211,PT,73.1
2022,SP_PSR_SATIS_HLTH,,ES211,PT,61.6
2018,SP_PSR_SATIS_HLTH,,ES211,PT,95
2016,SP_PSR_SATIS_HLTH,,ES211,PT,84.2
2021,SP_PSR_SATIS_HLTH,,ES211,PT,79.5
2023,SP_PSR_SATIS_HLTH,,ES211,PT,63.2
2020,SP_PSR_SATIS_HLTH,,ES213,PT,80.8
2018,SP_PSR_SATIS_HLTH,,ES213,PT,76.4
2023,SP_PSR_SATIS_HLTH,,ES213,PT,49.7
2021,SP_PSR_SATIS_HLTH,,ES213,PT,74.7
2022,SP_PSR_SATIS_HLTH,,ES213,PT,58.8
2019,SP_PSR_SATIS_HLTH,,ES213,PT,73.9
2017,SP_PSR_SATIS_HLTH,,ES213,PT,66.7
2016,SP_PSR_SATIS_HLTH,,ES213,PT,54.7
2018,SP_PSR_SATIS_HLTH,,ES212,PT,89.1
2021,SP_PSR_SATIS_HLTH,,ES212,PT,74.5
2017,SP_PSR_SATIS_HLTH,,ES212,PT,93.8
2016,SP_PSR_SATIS_HLTH,,ES212,PT,74.5
2023,SP_PSR_SATIS_HLTH,,ES212,PT,70.6
2020,SP_PSR_SATIS_HLTH,,ES212,PT,80.7
2022,SP_PSR_SATIS_HLTH,,ES212,PT,59.4
2019,SP_PSR_SATIS_HLTH,,ES212,PT,89.1
2021,SP_PSR_SATIS_HLTH,F,,PT,66.3
2019,SP_PSR_SATIS_HLTH,F,,PT,80
2017,SP_PSR_SATIS_HLTH,F,,PT,76.7
2018,SP_PSR_SATIS_HLTH,F,,PT,84.7
2016,SP_PSR_SATIS_HLTH,F,,PT,61.3
2022,SP_PSR_SATIS_HLTH,F,,PT,63.5
2020,SP_PSR_SATIS_HLTH,F,,PT,74.6
2023,SP_PSR_SATIS_HLTH,F,,PT,55.3
2023,SP_PSR_SATIS_HLTH,F,ES211,PT,46.7
2019,SP_PSR_SATIS_HLTH,F,ES211,PT,66.7
2021,SP_PSR_SATIS_HLTH,F,ES211,PT,44.3
2017,SP_PSR_SATIS_HLTH,F,ES211,PT,75
2022,SP_PSR_SATIS_HLTH,F,ES211,PT,77.3
2020,SP_PSR_SATIS_HLTH,F,ES211,PT,62.5
2016,SP_PSR_SATIS_HLTH,F,ES211,PT,77.8
2018,SP_PSR_SATIS_HLTH,F,ES211,PT,100
2019,SP_PSR_SATIS_HLTH,F,ES213,PT,72
2018,SP_PSR_SATIS_HLTH,F,ES213,PT,68
2021,SP_PSR_SATIS_HLTH,F,ES213,PT,63.4
2020,SP_PSR_SATIS_HLTH,F,ES213,PT,80
2022,SP_PSR_SATIS_HLTH,F,ES213,PT,70.2
2016,SP_PSR_SATIS_HLTH,F,ES213,PT,48.1
2023,SP_PSR_SATIS_HLTH,F,ES213,PT,39.9
2017,SP_PSR_SATIS_HLTH,F,ES213,PT,60
2021,SP_PSR_SATIS_HLTH,F,ES212,PT,70.3
2017,SP_PSR_SATIS_HLTH,F,ES212,PT,95.7
2016,SP_PSR_SATIS_HLTH,F,ES212,PT,69.2
2019,SP_PSR_SATIS_HLTH,F,ES212,PT,88.2
2022,SP_PSR_SATIS_HLTH,F,ES212,PT,54.7
2023,SP_PSR_SATIS_HLTH,F,ES212,PT,67.8
2020,SP_PSR_SATIS_HLTH,F,ES212,PT,76.7
2018,SP_PSR_SATIS_HLTH,F,ES212,PT,95.8
2021,SP_PSR_SATIS_HLTH,M,,PT,85.3
2019,SP_PSR_SATIS_HLTH,M,,PT,83.1
2020,SP_PSR_SATIS_HLTH,M,,PT,80
2022,SP_PSR_SATIS_HLTH,M,,PT,55.6
2023,SP_PSR_SATIS_HLTH,M,,PT,70.8
2016,SP_PSR_SATIS_HLTH,M,,PT,73.7
2017,SP_PSR_SATIS_HLTH,M,,PT,81.4
2018,SP_PSR_SATIS_HLTH,M,,PT,83.9
2016,SP_PSR_SATIS_HLTH,M,ES211,PT,90
2020,SP_PSR_SATIS_HLTH,M,ES211,PT,63.6
2021,SP_PSR_SATIS_HLTH,M,ES211,PT,100
2019,SP_PSR_SATIS_HLTH,M,ES211,PT,75
2022,SP_PSR_SATIS_HLTH,M,ES211,PT,44.8
2018,SP_PSR_SATIS_HLTH,M,ES211,PT,90
2023,SP_PSR_SATIS_HLTH,M,ES211,PT,73.3
2017,SP_PSR_SATIS_HLTH,M,ES211,PT,71.4
2020,SP_PSR_SATIS_HLTH,M,ES213,PT,81.5
2016,SP_PSR_SATIS_HLTH,M,ES213,PT,61.5
2021,SP_PSR_SATIS_HLTH,M,ES213,PT,89.8
2023,SP_PSR_SATIS_HLTH,M,ES213,PT,63.1
2022,SP_PSR_SATIS_HLTH,M,ES213,PT,44.3
2019,SP_PSR_SATIS_HLTH,M,ES213,PT,76.2
2017,SP_PSR_SATIS_HLTH,M,ES213,PT,75
2018,SP_PSR_SATIS_HLTH,M,ES213,PT,83.3
2017,SP_PSR_SATIS_HLTH,M,ES212,PT,92
2020,SP_PSR_SATIS_HLTH,M,ES212,PT,85.2
2016,SP_PSR_SATIS_HLTH,M,ES212,PT,81
2019,SP_PSR_SATIS_HLTH,M,ES212,PT,90
2021,SP_PSR_SATIS_HLTH,M,ES212,PT,79.6
2023,SP_PSR_SATIS_HLTH,M,ES212,PT,74
2022,SP_PSR_SATIS_HLTH,M,ES212,PT,63.4
2018,SP_PSR_SATIS_HLTH,M,ES212,PT,81.8
2013,EU_PSR_SATIS_PENSN,,,PT,21.2
2020,EU_PSR_SATIS_PENSN,,,PT,42.2
2019,EU_PSR_SATIS_PENSN,,,PT,30.9
2012,EU_PSR_SATIS_PENSN,,,PT,36
2018,EU_PSR_SATIS_PENSN,,,PT,19.1
2022,EU_PSR_SATIS_PENSN,,,PT,37
2021,EU_PSR_SATIS_PENSN,,,PT,39.2
2014,EU_PSR_SATIS_PENSN,,,PT,21.3
2015,EU_PSR_SATIS_PENSN,,,PT,21.5
2016,EU_PSR_SATIS_PENSN,,,PT,23.5
2017,EU_PSR_SATIS_PENSN,,,PT,40.2
2011,EU_PSR_SATIS_PENSN,,,PT,32
2023,EU_PSR_SATIS_PENSN,,,PT,52.4
2016,EU_PSR_SATIS_PENSN,,ES211,PT,21.4
2021,EU_PSR_SATIS_PENSN,,ES211,PT,27.6
2022,EU_PSR_SATIS_PENSN,,ES211,PT,28.9
2018,EU_PSR_SATIS_PENSN,,ES211,PT,11.1
2020,EU_PSR_SATIS_PENSN,,ES211,PT,37
2019,EU_PSR_SATIS_PENSN,,ES211,PT,0
2017,EU_PSR_SATIS_PENSN,,ES211,PT,65.2
2023,EU_PSR_SATIS_PENSN,,ES211,PT,58.7
2023,EU_PSR_SATIS_PENSN,,ES213,PT,42.7
2018,EU_PSR_SATIS_PENSN,,ES213,PT,25
2022,EU_PSR_SATIS_PENSN,,ES213,PT,42.4
2016,EU_PSR_SATIS_PENSN,,ES213,PT,20.5
2019,EU_PSR_SATIS_PENSN,,ES213,PT,25.6
2021,EU_PSR_SATIS_PENSN,,ES213,PT,56.1
2020,EU_PSR_SATIS_PENSN,,ES213,PT,43.5
2017,EU_PSR_SATIS_PENSN,,ES213,PT,22.2
2022,EU_PSR_SATIS_PENSN,,ES212,PT,36.3
2018,EU_PSR_SATIS_PENSN,,ES212,PT,15.6
2021,EU_PSR_SATIS_PENSN,,ES212,PT,32.3
2023,EU_PSR_SATIS_PENSN,,ES212,PT,56
2016,EU_PSR_SATIS_PENSN,,ES212,PT,27.3
2019,EU_PSR_SATIS_PENSN,,ES212,PT,39.3
2020,EU_PSR_SATIS_PENSN,,ES212,PT,43.6
2017,EU_PSR_SATIS_PENSN,,ES212,PT,41.9
2021,EU_PSR_SATIS_PENSN,F,,PT,34.1
2017,EU_PSR_SATIS_PENSN,F,,PT,45.1
2019,EU_PSR_SATIS_PENSN,F,,PT,24.2
2023,EU_PSR_SATIS_PENSN,F,,PT,48.5
2016,EU_PSR_SATIS_PENSN,F,,PT,20
2018,EU_PSR_SATIS_PENSN,F,,PT,19.3
2020,EU_PSR_SATIS_PENSN,F,,PT,36.4
2022,EU_PSR_SATIS_PENSN,F,,PT,34.3
2018,EU_PSR_SATIS_PENSN,F,ES211,PT,20
2020,EU_PSR_SATIS_PENSN,F,ES211,PT,33.3
2022,EU_PSR_SATIS_PENSN,F,ES211,PT,38.6
2016,EU_PSR_SATIS_PENSN,F,ES211,PT,28.6
2017,EU_PSR_SATIS_PENSN,F,ES211,PT,63.6
2019,EU_PSR_SATIS_PENSN,F,ES211,PT,0
2023,EU_PSR_SATIS_PENSN,F,ES211,PT,70.7
2021,EU_PSR_SATIS_PENSN,F,ES211,PT,0
2023,EU_PSR_SATIS_PENSN,F,ES213,PT,34
2021,EU_PSR_SATIS_PENSN,F,ES213,PT,44.5
2016,EU_PSR_SATIS_PENSN,F,ES213,PT,16.7
2017,EU_PSR_SATIS_PENSN,F,ES213,PT,20
2019,EU_PSR_SATIS_PENSN,F,ES213,PT,20.8
2022,EU_PSR_SATIS_PENSN,F,ES213,PT,33.4
2020,EU_PSR_SATIS_PENSN,F,ES213,PT,31.8
2018,EU_PSR_SATIS_PENSN,F,ES213,PT,30.4
2017,EU_PSR_SATIS_PENSN,F,ES212,PT,60
2020,EU_PSR_SATIS_PENSN,F,ES212,PT,41.4
2019,EU_PSR_SATIS_PENSN,F,ES212,PT,29.4
2022,EU_PSR_SATIS_PENSN,F,ES212,PT,33.2
2016,EU_PSR_SATIS_PENSN,F,ES212,PT,20.8
2023,EU_PSR_SATIS_PENSN,F,ES212,PT,52.2
2021,EU_PSR_SATIS_PENSN,F,ES212,PT,31.8
2018,EU_PSR_SATIS_PENSN,F,ES212,PT,8.3
2022,EU_PSR_SATIS_PENSN,M,,PT,39.5
2017,EU_PSR_SATIS_PENSN,M,,PT,35.3
2021,EU_PSR_SATIS_PENSN,M,,PT,45.7
2019,EU_PSR_SATIS_PENSN,M,,PT,39.6
2020,EU_PSR_SATIS_PENSN,M,,PT,48.4
2023,EU_PSR_SATIS_PENSN,M,,PT,57.1
2016,EU_PSR_SATIS_PENSN,M,,PT,27.7
2018,EU_PSR_SATIS_PENSN,M,,PT,19
2021,EU_PSR_SATIS_PENSN,M,ES211,PT,43.2
2018,EU_PSR_SATIS_PENSN,M,ES211,PT,0
2019,EU_PSR_SATIS_PENSN,M,ES211,PT,0
2020,EU_PSR_SATIS_PENSN,M,ES211,PT,41.7
2022,EU_PSR_SATIS_PENSN,M,ES211,PT,18.5
2016,EU_PSR_SATIS_PENSN,M,ES211,PT,14.3
2017,EU_PSR_SATIS_PENSN,M,ES211,PT,66.7
2023,EU_PSR_SATIS_PENSN,M,ES211,PT,51
2016,EU_PSR_SATIS_PENSN,M,ES213,PT,25
2022,EU_PSR_SATIS_PENSN,M,ES213,PT,55.2
2021,EU_PSR_SATIS_PENSN,M,ES213,PT,74
2017,EU_PSR_SATIS_PENSN,M,ES213,PT,25
2020,EU_PSR_SATIS_PENSN,M,ES213,PT,54.2
2019,EU_PSR_SATIS_PENSN,M,ES213,PT,33.3
2023,EU_PSR_SATIS_PENSN,M,ES213,PT,56.4
2018,EU_PSR_SATIS_PENSN,M,ES213,PT,20.7
2017,EU_PSR_SATIS_PENSN,M,ES212,PT,26.1
2018,EU_PSR_SATIS_PENSN,M,ES212,PT,23.8
2020,EU_PSR_SATIS_PENSN,M,ES212,PT,46.2
2021,EU_PSR_SATIS_PENSN,M,ES212,PT,32.9
2022,EU_PSR_SATIS_PENSN,M,ES212,PT,38.1
2023,EU_PSR_SATIS_PENSN,M,ES212,PT,60.9
2019,EU_PSR_SATIS_PENSN,M,ES212,PT,51.9
2016,EU_PSR_SATIS_PENSN,M,ES212,PT,35
2023,EU_PSR_SATIS_JUST,,,PT,22.4
2018,EU_PSR_SATIS_JUST,,,PT,19.4
2013,EU_PSR_SATIS_JUST,,,PT,13.5
2014,EU_PSR_SATIS_JUST,,,PT,12
2020,EU_PSR_SATIS_JUST,,,PT,17.5
2022,EU_PSR_SATIS_JUST,,,PT,20.6
2019,EU_PSR_SATIS_JUST,,,PT,19.4
2016,EU_PSR_SATIS_JUST,,,PT,11.4
2015,EU_PSR_SATIS_JUST,,,PT,11.2
2011,EU_PSR_SATIS_JUST,,,PT,15
2017,EU_PSR_SATIS_JUST,,,PT,19.4
2012,EU_PSR_SATIS_JUST,,,PT,9.5
2021,EU_PSR_SATIS_JUST,,,PT,16.9
2021,EU_PSR_SATIS_JUST,,ES211,PT,8.9
2023,EU_PSR_SATIS_JUST,,ES211,PT,14.5
2020,EU_PSR_SATIS_JUST,,ES211,PT,22.2
2016,EU_PSR_SATIS_JUST,,ES211,PT,10.5
2018,EU_PSR_SATIS_JUST,,ES211,PT,12.5
2017,EU_PSR_SATIS_JUST,,ES211,PT,23.1
2019,EU_PSR_SATIS_JUST,,ES211,PT,0
2022,EU_PSR_SATIS_JUST,,ES211,PT,15
2017,EU_PSR_SATIS_JUST,,ES213,PT,18.9
2022,EU_PSR_SATIS_JUST,,ES213,PT,30
2016,EU_PSR_SATIS_JUST,,ES213,PT,10.4
2021,EU_PSR_SATIS_JUST,,ES213,PT,21.2
2019,EU_PSR_SATIS_JUST,,ES213,PT,12.5
2023,EU_PSR_SATIS_JUST,,ES213,PT,33.1
2020,EU_PSR_SATIS_JUST,,ES213,PT,16.3
2018,EU_PSR_SATIS_JUST,,ES213,PT,26.5
2016,EU_PSR_SATIS_JUST,,ES212,PT,13.2
2020,EU_PSR_SATIS_JUST,,ES212,PT,16
2018,EU_PSR_SATIS_JUST,,ES212,PT,14
2017,EU_PSR_SATIS_JUST,,ES212,PT,17.8
2019,EU_PSR_SATIS_JUST,,ES212,PT,27.1
2023,EU_PSR_SATIS_JUST,,ES212,PT,18.6
2022,EU_PSR_SATIS_JUST,,ES212,PT,16.7
2021,EU_PSR_SATIS_JUST,,ES212,PT,16
2023,EU_PSR_SATIS_JUST,F,,PT,27
2017,EU_PSR_SATIS_JUST,F,,PT,25.5
2021,EU_PSR_SATIS_JUST,F,,PT,10.6
2016,EU_PSR_SATIS_JUST,F,,PT,13.5
2019,EU_PSR_SATIS_JUST,F,,PT,17.9
2020,EU_PSR_SATIS_JUST,F,,PT,17.7
2022,EU_PSR_SATIS_JUST,F,,PT,17.5
2018,EU_PSR_SATIS_JUST,F,,PT,16.7
2022,EU_PSR_SATIS_JUST,F,ES211,PT,11
2023,EU_PSR_SATIS_JUST,F,ES211,PT,29.1
2021,EU_PSR_SATIS_JUST,F,ES211,PT,0
2018,EU_PSR_SATIS_JUST,F,ES211,PT,14.3
2016,EU_PSR_SATIS_JUST,F,ES211,PT,11.1
2019,EU_PSR_SATIS_JUST,F,ES211,PT,0
2017,EU_PSR_SATIS_JUST,F,ES211,PT,16.7
2020,EU_PSR_SATIS_JUST,F,ES211,PT,26.7
2023,EU_PSR_SATIS_JUST,F,ES213,PT,35.9
2017,EU_PSR_SATIS_JUST,F,ES213,PT,27.8
2016,EU_PSR_SATIS_JUST,F,ES213,PT,8.3
2018,EU_PSR_SATIS_JUST,F,ES213,PT,20
2019,EU_PSR_SATIS_JUST,F,ES213,PT,9.1
2020,EU_PSR_SATIS_JUST,F,ES213,PT,18.2
2022,EU_PSR_SATIS_JUST,F,ES213,PT,28.4
2021,EU_PSR_SATIS_JUST,F,ES213,PT,22.8
2021,EU_PSR_SATIS_JUST,F,ES212,PT,5
2018,EU_PSR_SATIS_JUST,F,ES212,PT,14.3
2019,EU_PSR_SATIS_JUST,F,ES212,PT,25.8
2022,EU_PSR_SATIS_JUST,F,ES212,PT,11.9
2020,EU_PSR_SATIS_JUST,F,ES212,PT,12
2023,EU_PSR_SATIS_JUST,F,ES212,PT,20.3
2017,EU_PSR_SATIS_JUST,F,ES212,PT,28.6
2016,EU_PSR_SATIS_JUST,F,ES212,PT,21.1
2019,EU_PSR_SATIS_JUST,M,,PT,21.2
2017,EU_PSR_SATIS_JUST,M,,PT,14
2023,EU_PSR_SATIS_JUST,M,,PT,17.1
2022,EU_PSR_SATIS_JUST,M,,PT,23.6
2020,EU_PSR_SATIS_JUST,M,,PT,17.2
2018,EU_PSR_SATIS_JUST,M,,PT,21.7
2021,EU_PSR_SATIS_JUST,M,,PT,24.3
2016,EU_PSR_SATIS_JUST,M,,PT,9.4
2019,EU_PSR_SATIS_JUST,M,ES211,PT,0
2023,EU_PSR_SATIS_JUST,M,ES211,PT,5.2
2021,EU_PSR_SATIS_JUST,M,ES211,PT,14.5
2016,EU_PSR_SATIS_JUST,M,ES211,PT,10
2017,EU_PSR_SATIS_JUST,M,ES211,PT,28.6
2020,EU_PSR_SATIS_JUST,M,ES211,PT,16.7
2018,EU_PSR_SATIS_JUST,M,ES211,PT,11.1
2022,EU_PSR_SATIS_JUST,M,ES211,PT,19.7
2019,EU_PSR_SATIS_JUST,M,ES213,PT,16.7
2017,EU_PSR_SATIS_JUST,M,ES213,PT,10.5
2020,EU_PSR_SATIS_JUST,M,ES213,PT,14.8
2021,EU_PSR_SATIS_JUST,M,ES213,PT,18.8
2022,EU_PSR_SATIS_JUST,M,ES213,PT,32
2023,EU_PSR_SATIS_JUST,M,ES213,PT,28.9
2016,EU_PSR_SATIS_JUST,M,ES213,PT,12.5
2018,EU_PSR_SATIS_JUST,M,ES213,PT,31
2017,EU_PSR_SATIS_JUST,M,ES212,PT,8.3
2020,EU_PSR_SATIS_JUST,M,ES212,PT,20
2021,EU_PSR_SATIS_JUST,M,ES212,PT,28.9
2019,EU_PSR_SATIS_JUST,M,ES212,PT,28.6
2023,EU_PSR_SATIS_JUST,M,ES212,PT,16.6
2016,EU_PSR_SATIS_JUST,M,ES212,PT,5.3
2022,EU_PSR_SATIS_JUST,M,ES212,PT,20.7
2018,EU_PSR_SATIS_JUST,M,ES212,PT,13.6
2011,EU_PSR_SATIS_SEC,,,PT,32.2
2015,EU_PSR_SATIS_SEC,,,PT,60.2
2016,EU_PSR_SATIS_SEC,,,PT,61.7
2023,EU_PSR_SATIS_SEC,,,PT,59.5
2018,EU_PSR_SATIS_SEC,,,PT,72.6
2012,EU_PSR_SATIS_SEC,,,PT,59.3
2020,EU_PSR_SATIS_SEC,,,PT,55.3
2013,EU_PSR_SATIS_SEC,,,PT,53.6
2022,EU_PSR_SATIS_SEC,,,PT,56.2
2019,EU_PSR_SATIS_SEC,,,PT,60.2
2017,EU_PSR_SATIS_SEC,,,PT,66.9
2021,EU_PSR_SATIS_SEC,,,PT,61.5
2014,EU_PSR_SATIS_SEC,,,PT,46.1
2017,EU_PSR_SATIS_SEC,,ES211,PT,80.8
2023,EU_PSR_SATIS_SEC,,ES211,PT,65.7
2021,EU_PSR_SATIS_SEC,,ES211,PT,53.1
2019,EU_PSR_SATIS_SEC,,ES211,PT,92.3
2016,EU_PSR_SATIS_SEC,,ES211,PT,57.9
2022,EU_PSR_SATIS_SEC,,ES211,PT,37
2018,EU_PSR_SATIS_SEC,,ES211,PT,73.7
2020,EU_PSR_SATIS_SEC,,ES211,PT,56
2017,EU_PSR_SATIS_SEC,,ES213,PT,51.1
2018,EU_PSR_SATIS_SEC,,ES213,PT,67.9
2016,EU_PSR_SATIS_SEC,,ES213,PT,60
2022,EU_PSR_SATIS_SEC,,ES213,PT,69.7
2019,EU_PSR_SATIS_SEC,,ES213,PT,50
2021,EU_PSR_SATIS_SEC,,ES213,PT,72.2
2023,EU_PSR_SATIS_SEC,,ES213,PT,61.4
2020,EU_PSR_SATIS_SEC,,ES213,PT,56.9
2022,EU_PSR_SATIS_SEC,,ES212,PT,53.8
2017,EU_PSR_SATIS_SEC,,ES212,PT,74.5
2023,EU_PSR_SATIS_SEC,,ES212,PT,56
2018,EU_PSR_SATIS_SEC,,ES212,PT,77.8
2021,EU_PSR_SATIS_SEC,,ES212,PT,57.2
2016,EU_PSR_SATIS_SEC,,ES212,PT,65.2
2020,EU_PSR_SATIS_SEC,,ES212,PT,53.6
2019,EU_PSR_SATIS_SEC,,ES212,PT,60.7
2018,EU_PSR_SATIS_SEC,F,,PT,62.5
2017,EU_PSR_SATIS_SEC,F,,PT,62.7
2023,EU_PSR_SATIS_SEC,F,,PT,56.4
2022,EU_PSR_SATIS_SEC,F,,PT,51.7
2021,EU_PSR_SATIS_SEC,F,,PT,58
2020,EU_PSR_SATIS_SEC,F,,PT,50
2016,EU_PSR_SATIS_SEC,F,,PT,56.9
2019,EU_PSR_SATIS_SEC,F,,PT,58.3
2016,EU_PSR_SATIS_SEC,F,ES211,PT,44.4
2017,EU_PSR_SATIS_SEC,F,ES211,PT,75
2018,EU_PSR_SATIS_SEC,F,ES211,PT,70
2019,EU_PSR_SATIS_SEC,F,ES211,PT,83.3
2021,EU_PSR_SATIS_SEC,F,ES211,PT,33.4
2023,EU_PSR_SATIS_SEC,F,ES211,PT,70.7
2020,EU_PSR_SATIS_SEC,F,ES211,PT,57.1
2022,EU_PSR_SATIS_SEC,F,ES211,PT,25.8
2019,EU_PSR_SATIS_SEC,F,ES213,PT,43.5
2017,EU_PSR_SATIS_SEC,F,ES213,PT,44
2018,EU_PSR_SATIS_SEC,F,ES213,PT,47.8
2020,EU_PSR_SATIS_SEC,F,ES213,PT,50
2021,EU_PSR_SATIS_SEC,F,ES213,PT,66.4
2022,EU_PSR_SATIS_SEC,F,ES213,PT,62.8
2023,EU_PSR_SATIS_SEC,F,ES213,PT,51.2
2016,EU_PSR_SATIS_SEC,F,ES213,PT,50
2016,EU_PSR_SATIS_SEC,F,ES212,PT,68
2017,EU_PSR_SATIS_SEC,F,ES212,PT,77.3
2018,EU_PSR_SATIS_SEC,F,ES212,PT,73.9
2019,EU_PSR_SATIS_SEC,F,ES212,PT,64.5
2020,EU_PSR_SATIS_SEC,F,ES212,PT,46.7
2021,EU_PSR_SATIS_SEC,F,ES212,PT,56.2
2022,EU_PSR_SATIS_SEC,F,ES212,PT,52
2023,EU_PSR_SATIS_SEC,F,ES212,PT,56.1
2020,EU_PSR_SATIS_SEC,M,,PT,60.9
2016,EU_PSR_SATIS_SEC,M,,PT,66.7
2023,EU_PSR_SATIS_SEC,M,,PT,62.9
2018,EU_PSR_SATIS_SEC,M,,PT,82
2021,EU_PSR_SATIS_SEC,M,,PT,65.6
2022,EU_PSR_SATIS_SEC,M,,PT,60.6
2017,EU_PSR_SATIS_SEC,M,,PT,71.2
2019,EU_PSR_SATIS_SEC,M,,PT,62.1
2023,EU_PSR_SATIS_SEC,M,ES211,PT,62.6
2021,EU_PSR_SATIS_SEC,M,ES211,PT,65.6
2016,EU_PSR_SATIS_SEC,M,ES211,PT,70
2019,EU_PSR_SATIS_SEC,M,ES211,PT,100
2020,EU_PSR_SATIS_SEC,M,ES211,PT,54.5
2017,EU_PSR_SATIS_SEC,M,ES211,PT,85.7
2018,EU_PSR_SATIS_SEC,M,ES211,PT,77.8
2022,EU_PSR_SATIS_SEC,M,ES211,PT,49
2016,EU_PSR_SATIS_SEC,M,ES213,PT,69.2
2017,EU_PSR_SATIS_SEC,M,ES213,PT,60
2018,EU_PSR_SATIS_SEC,M,ES213,PT,83.3
2019,EU_PSR_SATIS_SEC,M,ES213,PT,57.1
2020,EU_PSR_SATIS_SEC,M,ES213,PT,63
2021,EU_PSR_SATIS_SEC,M,ES213,PT,80
2022,EU_PSR_SATIS_SEC,M,ES213,PT,78.5
2023,EU_PSR_SATIS_SEC,M,ES213,PT,76.3
2021,EU_PSR_SATIS_SEC,M,ES212,PT,58.4
2017,EU_PSR_SATIS_SEC,M,ES212,PT,72
2016,EU_PSR_SATIS_SEC,M,ES212,PT,61.9
2018,EU_PSR_SATIS_SEC,M,ES212,PT,81.8
2019,EU_PSR_SATIS_SEC,M,ES212,PT,56.7
2020,EU_PSR_SATIS_SEC,M,ES212,PT,61.5
2022,EU_PSR_SATIS_SEC,M,ES212,PT,55.2
2023,EU_PSR_SATIS_SEC,M,ES212,PT,55.8
2012,EU_PSR_SATIS_SOCSERV,,,PT,47.6
2022,EU_PSR_SATIS_SOCSERV,,,PT,51.6
2015,EU_PSR_SATIS_SOCSERV,,,PT,36.4
2023,EU_PSR_SATIS_SOCSERV,,,PT,62.2
2016,EU_PSR_SATIS_SOCSERV,,,PT,60.2
2014,EU_PSR_SATIS_SOCSERV,,,PT,30.3
2011,EU_PSR_SATIS_SOCSERV,,,PT,35.2
2018,EU_PSR_SATIS_SOCSERV,,,PT,60.5
2019,EU_PSR_SATIS_SOCSERV,,,PT,57.5
2017,EU_PSR_SATIS_SOCSERV,,,PT,57.1
2021,EU_PSR_SATIS_SOCSERV,,,PT,59.6
2020,EU_PSR_SATIS_SOCSERV,,,PT,58.3
2013,EU_PSR_SATIS_SOCSERV,,,PT,32.7
2021,EU_PSR_SATIS_SOCSERV,,ES211,PT,50.4
2018,EU_PSR_SATIS_SOCSERV,,ES211,PT,73.7
2017,EU_PSR_SATIS_SOCSERV,,ES211,PT,69.2
2023,EU_PSR_SATIS_SOCSERV,,ES211,PT,62.9
2019,EU_PSR_SATIS_SOCSERV,,ES211,PT,78.6
2016,EU_PSR_SATIS_SOCSERV,,ES211,PT,66.7
2020,EU_PSR_SATIS_SOCSERV,,ES211,PT,44
2022,EU_PSR_SATIS_SOCSERV,,ES211,PT,53.5
2019,EU_PSR_SATIS_SOCSERV,,ES213,PT,48.7
2020,EU_PSR_SATIS_SOCSERV,,ES213,PT,65.3
2022,EU_PSR_SATIS_SOCSERV,,ES213,PT,60.1
2018,EU_PSR_SATIS_SOCSERV,,ES213,PT,48.1
2023,EU_PSR_SATIS_SOCSERV,,ES213,PT,53.9
2021,EU_PSR_SATIS_SOCSERV,,ES213,PT,57.2
2016,EU_PSR_SATIS_SOCSERV,,ES213,PT,42.9
2017,EU_PSR_SATIS_SOCSERV,,ES213,PT,34.1
2020,EU_PSR_SATIS_SOCSERV,,ES212,PT,58.5
2019,EU_PSR_SATIS_SOCSERV,,ES212,PT,58.3
2022,EU_PSR_SATIS_SOCSERV,,ES212,PT,46
2023,EU_PSR_SATIS_SOCSERV,,ES212,PT,67.1
2017,EU_PSR_SATIS_SOCSERV,,ES212,PT,71.1
2018,EU_PSR_SATIS_SOCSERV,,ES212,PT,69.8
2021,EU_PSR_SATIS_SOCSERV,,ES212,PT,62.5
2016,EU_PSR_SATIS_SOCSERV,,ES212,PT,74.4
2022,EU_PSR_SATIS_SOCSERV,F,,PT,48.1
2020,EU_PSR_SATIS_SOCSERV,F,,PT,54.7
2019,EU_PSR_SATIS_SOCSERV,F,,PT,54.2
2021,EU_PSR_SATIS_SOCSERV,F,,PT,58.5
2016,EU_PSR_SATIS_SOCSERV,F,,PT,50
2023,EU_PSR_SATIS_SOCSERV,F,,PT,54.9
2017,EU_PSR_SATIS_SOCSERV,F,,PT,52.6
2018,EU_PSR_SATIS_SOCSERV,F,,PT,51.9
2016,EU_PSR_SATIS_SOCSERV,F,ES211,PT,55.6
2020,EU_PSR_SATIS_SOCSERV,F,ES211,PT,40
2022,EU_PSR_SATIS_SOCSERV,F,ES211,PT,38.6
2023,EU_PSR_SATIS_SOCSERV,F,ES211,PT,73
2021,EU_PSR_SATIS_SOCSERV,F,ES211,PT,28.9
2019,EU_PSR_SATIS_SOCSERV,F,ES211,PT,100
2017,EU_PSR_SATIS_SOCSERV,F,ES211,PT,75
2018,EU_PSR_SATIS_SOCSERV,F,ES211,PT,66.7
2016,EU_PSR_SATIS_SOCSERV,F,ES213,PT,22.7
2021,EU_PSR_SATIS_SOCSERV,F,ES213,PT,50.4
2022,EU_PSR_SATIS_SOCSERV,F,ES213,PT,59.8
2023,EU_PSR_SATIS_SOCSERV,F,ES213,PT,39.4
2019,EU_PSR_SATIS_SOCSERV,F,ES213,PT,36.4
2020,EU_PSR_SATIS_SOCSERV,F,ES213,PT,63.6
2017,EU_PSR_SATIS_SOCSERV,F,ES213,PT,29.2
2018,EU_PSR_SATIS_SOCSERV,F,ES213,PT,36.4
2016,EU_PSR_SATIS_SOCSERV,F,ES212,PT,72
2017,EU_PSR_SATIS_SOCSERV,F,ES212,PT,66.7
2018,EU_PSR_SATIS_SOCSERV,F,ES212,PT,61.9
2019,EU_PSR_SATIS_SOCSERV,F,ES212,PT,58.1
2021,EU_PSR_SATIS_SOCSERV,F,ES212,PT,66.5
2022,EU_PSR_SATIS_SOCSERV,F,ES212,PT,42.4
2023,EU_PSR_SATIS_SOCSERV,F,ES212,PT,60.3
2020,EU_PSR_SATIS_SOCSERV,F,ES212,PT,55.6
2018,EU_PSR_SATIS_SOCSERV,M,,PT,67.7
2022,EU_PSR_SATIS_SOCSERV,M,,PT,54.8
2017,EU_PSR_SATIS_SOCSERV,M,,PT,61.8
2019,EU_PSR_SATIS_SOCSERV,M,,PT,61.1
2016,EU_PSR_SATIS_SOCSERV,M,,PT,72.3
2020,EU_PSR_SATIS_SOCSERV,M,,PT,61.9
2023,EU_PSR_SATIS_SOCSERV,M,,PT,70.6
2021,EU_PSR_SATIS_SOCSERV,M,,PT,60.9
2020,EU_PSR_SATIS_SOCSERV,M,ES211,PT,50
2017,EU_PSR_SATIS_SOCSERV,M,ES211,PT,64.3
2023,EU_PSR_SATIS_SOCSERV,M,ES211,PT,56.8
2021,EU_PSR_SATIS_SOCSERV,M,ES211,PT,62.9
2016,EU_PSR_SATIS_SOCSERV,M,ES211,PT,77.8
2018,EU_PSR_SATIS_SOCSERV,M,ES211,PT,80
2019,EU_PSR_SATIS_SOCSERV,M,ES211,PT,62.5
2022,EU_PSR_SATIS_SOCSERV,M,ES211,PT,69.4
2020,EU_PSR_SATIS_SOCSERV,M,ES213,PT,66.7
2016,EU_PSR_SATIS_SOCSERV,M,ES213,PT,65
2017,EU_PSR_SATIS_SOCSERV,M,ES213,PT,41.2
2019,EU_PSR_SATIS_SOCSERV,M,ES213,PT,64.7
2021,EU_PSR_SATIS_SOCSERV,M,ES213,PT,67
2022,EU_PSR_SATIS_SOCSERV,M,ES213,PT,60.4
2023,EU_PSR_SATIS_SOCSERV,M,ES213,PT,75.9
2018,EU_PSR_SATIS_SOCSERV,M,ES213,PT,56.7
2020,EU_PSR_SATIS_SOCSERV,M,ES212,PT,61.5
2023,EU_PSR_SATIS_SOCSERV,M,ES212,PT,75.2
2022,EU_PSR_SATIS_SOCSERV,M,ES212,PT,48.5
2016,EU_PSR_SATIS_SOCSERV,M,ES212,PT,77.8
2017,EU_PSR_SATIS_SOCSERV,M,ES212,PT,75
2018,EU_PSR_SATIS_SOCSERV,M,ES212,PT,77.3
2019,EU_PSR_SATIS_SOCSERV,M,ES212,PT,58.6
2021,EU_PSR_SATIS_SOCSERV,M,ES212,PT,57.1
2022,EU_PSR_SATIS_TRANSPORT,,,PT,81
2017,EU_PSR_SATIS_TRANSPORT,,,PT,87.9
2021,EU_PSR_SATIS_TRANSPORT,,,PT,85.2
2023,EU_PSR_SATIS_TRANSPORT,,,PT,81.2
2016,EU_PSR_SATIS_TRANSPORT,,,PT,83.9
2013,EU_PSR_SATIS_TRANSPORT,,,PT,70.2
2020,EU_PSR_SATIS_TRANSPORT,,,PT,82.9
2019,EU_PSR_SATIS_TRANSPORT,,,PT,86.3
2012,EU_PSR_SATIS_TRANSPORT,,,PT,78
2015,EU_PSR_SATIS_TRANSPORT,,,PT,83.2
2018,EU_PSR_SATIS_TRANSPORT,,,PT,83.1
2011,EU_PSR_SATIS_TRANSPORT,,,PT,78.1
2014,EU_PSR_SATIS_TRANSPORT,,,PT,72.6
2018,EU_PSR_SATIS_TRANSPORT,,ES211,PT,76.5
2020,EU_PSR_SATIS_TRANSPORT,,ES211,PT,72
2019,EU_PSR_SATIS_TRANSPORT,,ES211,PT,78.6
2022,EU_PSR_SATIS_TRANSPORT,,ES211,PT,63.6
2016,EU_PSR_SATIS_TRANSPORT,,ES211,PT,68.4
2017,EU_PSR_SATIS_TRANSPORT,,ES211,PT,88
2021,EU_PSR_SATIS_TRANSPORT,,ES211,PT,83.4
2023,EU_PSR_SATIS_TRANSPORT,,ES211,PT,82.9
2021,EU_PSR_SATIS_TRANSPORT,,ES213,PT,72.7
2016,EU_PSR_SATIS_TRANSPORT,,ES213,PT,90
2018,EU_PSR_SATIS_TRANSPORT,,ES213,PT,80
2017,EU_PSR_SATIS_TRANSPORT,,ES213,PT,86
2022,EU_PSR_SATIS_TRANSPORT,,ES213,PT,77.5
2023,EU_PSR_SATIS_TRANSPORT,,ES213,PT,74.2
2019,EU_PSR_SATIS_TRANSPORT,,ES213,PT,86
2020,EU_PSR_SATIS_TRANSPORT,,ES213,PT,88
2021,EU_PSR_SATIS_TRANSPORT,,ES212,PT,91.8
2020,EU_PSR_SATIS_TRANSPORT,,ES212,PT,83.3
2016,EU_PSR_SATIS_TRANSPORT,,ES212,PT,83.7
2023,EU_PSR_SATIS_TRANSPORT,,ES212,PT,84.6
2022,EU_PSR_SATIS_TRANSPORT,,ES212,PT,87.9
2017,EU_PSR_SATIS_TRANSPORT,,ES212,PT,89.6
2019,EU_PSR_SATIS_TRANSPORT,,ES212,PT,88.3
2018,EU_PSR_SATIS_TRANSPORT,,ES212,PT,89.1
2017,EU_PSR_SATIS_TRANSPORT,F,,PT,86.2
2018,EU_PSR_SATIS_TRANSPORT,F,,PT,86
2019,EU_PSR_SATIS_TRANSPORT,F,,PT,87.1
2023,EU_PSR_SATIS_TRANSPORT,F,,PT,80.8
2021,EU_PSR_SATIS_TRANSPORT,F,,PT,83.7
2020,EU_PSR_SATIS_TRANSPORT,F,,PT,83.3
2022,EU_PSR_SATIS_TRANSPORT,F,,PT,78
2016,EU_PSR_SATIS_TRANSPORT,F,,PT,86.9
2019,EU_PSR_SATIS_TRANSPORT,F,ES211,PT,66.7
2022,EU_PSR_SATIS_TRANSPORT,F,ES211,PT,58.8
2017,EU_PSR_SATIS_TRANSPORT,F,ES211,PT,81.8
2016,EU_PSR_SATIS_TRANSPORT,F,ES211,PT,66.7
2023,EU_PSR_SATIS_TRANSPORT,F,ES211,PT,72.3
2018,EU_PSR_SATIS_TRANSPORT,F,ES211,PT,87.5
2020,EU_PSR_SATIS_TRANSPORT,F,ES211,PT,76.9
2021,EU_PSR_SATIS_TRANSPORT,F,ES211,PT,70.9
2022,EU_PSR_SATIS_TRANSPORT,F,ES213,PT,74.6
2021,EU_PSR_SATIS_TRANSPORT,F,ES213,PT,68.4
2018,EU_PSR_SATIS_TRANSPORT,F,ES213,PT,76
2023,EU_PSR_SATIS_TRANSPORT,F,ES213,PT,73.9
2017,EU_PSR_SATIS_TRANSPORT,F,ES213,PT,78.3
2016,EU_PSR_SATIS_TRANSPORT,F,ES213,PT,91.7
2019,EU_PSR_SATIS_TRANSPORT,F,ES213,PT,82.6
2020,EU_PSR_SATIS_TRANSPORT,F,ES213,PT,87.5
2020,EU_PSR_SATIS_TRANSPORT,F,ES212,PT,82.8
2021,EU_PSR_SATIS_TRANSPORT,F,ES212,PT,92.6
2019,EU_PSR_SATIS_TRANSPORT,F,ES212,PT,93.9
2017,EU_PSR_SATIS_TRANSPORT,F,ES212,PT,95.8
2016,EU_PSR_SATIS_TRANSPORT,F,ES212,PT,89.3
2018,EU_PSR_SATIS_TRANSPORT,F,ES212,PT,95.8
2022,EU_PSR_SATIS_TRANSPORT,F,ES212,PT,86
2023,EU_PSR_SATIS_TRANSPORT,F,ES212,PT,87.4
2018,EU_PSR_SATIS_TRANSPORT,M,,PT,80.3
2023,EU_PSR_SATIS_TRANSPORT,M,,PT,81.8
2019,EU_PSR_SATIS_TRANSPORT,M,,PT,85.5
2016,EU_PSR_SATIS_TRANSPORT,M,,PT,80.7
2017,EU_PSR_SATIS_TRANSPORT,M,,PT,89.7
2021,EU_PSR_SATIS_TRANSPORT,M,,PT,86.9
2022,EU_PSR_SATIS_TRANSPORT,M,,PT,84.2
2020,EU_PSR_SATIS_TRANSPORT,M,,PT,82.5
2019,EU_PSR_SATIS_TRANSPORT,M,ES211,PT,87.5
2023,EU_PSR_SATIS_TRANSPORT,M,ES211,PT,89.8
2018,EU_PSR_SATIS_TRANSPORT,M,ES211,PT,66.7
2016,EU_PSR_SATIS_TRANSPORT,M,ES211,PT,70
2017,EU_PSR_SATIS_TRANSPORT,M,ES211,PT,92.9
2021,EU_PSR_SATIS_TRANSPORT,M,ES211,PT,91.4
2022,EU_PSR_SATIS_TRANSPORT,M,ES211,PT,68.6
2020,EU_PSR_SATIS_TRANSPORT,M,ES211,PT,66.7
2016,EU_PSR_SATIS_TRANSPORT,M,ES213,PT,88.5
2017,EU_PSR_SATIS_TRANSPORT,M,ES213,PT,95
2018,EU_PSR_SATIS_TRANSPORT,M,ES213,PT,83.3
2019,EU_PSR_SATIS_TRANSPORT,M,ES213,PT,90
2020,EU_PSR_SATIS_TRANSPORT,M,ES213,PT,88.5
2021,EU_PSR_SATIS_TRANSPORT,M,ES213,PT,77.6
2022,EU_PSR_SATIS_TRANSPORT,M,ES213,PT,81.1
2023,EU_PSR_SATIS_TRANSPORT,M,ES213,PT,74.8
2016,EU_PSR_SATIS_TRANSPORT,M,ES212,PT,76.2
2017,EU_PSR_SATIS_TRANSPORT,M,ES212,PT,83.3
2018,EU_PSR_SATIS_TRANSPORT,M,ES212,PT,81.8
2019,EU_PSR_SATIS_TRANSPORT,M,ES212,PT,81.5
2020,EU_PSR_SATIS_TRANSPORT,M,ES212,PT,84
2021,EU_PSR_SATIS_TRANSPORT,M,ES212,PT,90.8
2022,EU_PSR_SATIS_TRANSPORT,M,ES212,PT,89.6
2023,EU_PSR_SATIS_TRANSPORT,M,ES212,PT,81.4
2014,EU_PSR_SATIS_OBRA,,,PT,52.3
2018,EU_PSR_SATIS_OBRA,,,PT,62.8
2023,EU_PSR_SATIS_OBRA,,,PT,66.5
2021,EU_PSR_SATIS_OBRA,,,PT,63.4
2020,EU_PSR_SATIS_OBRA,,,PT,56.9
2015,EU_PSR_SATIS_OBRA,,,PT,55
2017,EU_PSR_SATIS_OBRA,,,PT,66.4
2013,EU_PSR_SATIS_OBRA,,,PT,50
2012,EU_PSR_SATIS_OBRA,,,PT,57.3
2022,EU_PSR_SATIS_OBRA,,,PT,51.2
2016,EU_PSR_SATIS_OBRA,,,PT,58.2
2011,EU_PSR_SATIS_OBRA,,,PT,59.8
2019,EU_PSR_SATIS_OBRA,,,PT,65.2
2020,EU_PSR_SATIS_OBRA,,ES211,PT,51.9
2017,EU_PSR_SATIS_OBRA,,ES211,PT,72
2016,EU_PSR_SATIS_OBRA,,ES211,PT,52.6
2019,EU_PSR_SATIS_OBRA,,ES211,PT,64.3
2021,EU_PSR_SATIS_OBRA,,ES211,PT,29.2
2022,EU_PSR_SATIS_OBRA,,ES211,PT,33.5
2018,EU_PSR_SATIS_OBRA,,ES211,PT,47.4
2023,EU_PSR_SATIS_OBRA,,ES211,PT,59.5
2016,EU_PSR_SATIS_OBRA,,ES213,PT,54.3
2017,EU_PSR_SATIS_OBRA,,ES213,PT,76.2
2020,EU_PSR_SATIS_OBRA,,ES213,PT,68.1
2021,EU_PSR_SATIS_OBRA,,ES213,PT,65.8
2022,EU_PSR_SATIS_OBRA,,ES213,PT,51
2019,EU_PSR_SATIS_OBRA,,ES213,PT,64.3
2023,EU_PSR_SATIS_OBRA,,ES213,PT,52.7
2018,EU_PSR_SATIS_OBRA,,ES213,PT,72.5
2016,EU_PSR_SATIS_OBRA,,ES212,PT,64.4
2017,EU_PSR_SATIS_OBRA,,ES212,PT,54.3
2023,EU_PSR_SATIS_OBRA,,ES212,PT,77.7
2018,EU_PSR_SATIS_OBRA,,ES212,PT,58.1
2021,EU_PSR_SATIS_OBRA,,ES212,PT,68.3
2020,EU_PSR_SATIS_OBRA,,ES212,PT,50
2019,EU_PSR_SATIS_OBRA,,ES212,PT,66.1
2022,EU_PSR_SATIS_OBRA,,ES212,PT,56.4
2021,EU_PSR_SATIS_OBRA,F,,PT,64
2023,EU_PSR_SATIS_OBRA,F,,PT,64.1
2022,EU_PSR_SATIS_OBRA,F,,PT,51.1
2018,EU_PSR_SATIS_OBRA,F,,PT,56.6
2020,EU_PSR_SATIS_OBRA,F,,PT,52.3
2017,EU_PSR_SATIS_OBRA,F,,PT,66.1
2016,EU_PSR_SATIS_OBRA,F,,PT,56.4
2019,EU_PSR_SATIS_OBRA,F,,PT,62.5
2018,EU_PSR_SATIS_OBRA,F,ES211,PT,50
2021,EU_PSR_SATIS_OBRA,F,ES211,PT,15.4
2022,EU_PSR_SATIS_OBRA,F,ES211,PT,30.4
2016,EU_PSR_SATIS_OBRA,F,ES211,PT,55.6
2017,EU_PSR_SATIS_OBRA,F,ES211,PT,45.5
2019,EU_PSR_SATIS_OBRA,F,ES211,PT,66.7
2020,EU_PSR_SATIS_OBRA,F,ES211,PT,53.3
2023,EU_PSR_SATIS_OBRA,F,ES211,PT,61.4
2023,EU_PSR_SATIS_OBRA,F,ES213,PT,46.1
2016,EU_PSR_SATIS_OBRA,F,ES213,PT,38.1
2017,EU_PSR_SATIS_OBRA,F,ES213,PT,78.3
2018,EU_PSR_SATIS_OBRA,F,ES213,PT,63.6
2019,EU_PSR_SATIS_OBRA,F,ES213,PT,52.2
2020,EU_PSR_SATIS_OBRA,F,ES213,PT,60
2021,EU_PSR_SATIS_OBRA,F,ES213,PT,72.9
2022,EU_PSR_SATIS_OBRA,F,ES213,PT,52.5
2016,EU_PSR_SATIS_OBRA,F,ES212,PT,72
2021,EU_PSR_SATIS_OBRA,F,ES212,PT,65
2020,EU_PSR_SATIS_OBRA,F,ES212,PT,46.7
2019,EU_PSR_SATIS_OBRA,F,ES212,PT,70.4
2018,EU_PSR_SATIS_OBRA,F,ES212,PT,52.4
2023,EU_PSR_SATIS_OBRA,F,ES212,PT,77.3
2022,EU_PSR_SATIS_OBRA,F,ES212,PT,56.9
2017,EU_PSR_SATIS_OBRA,F,ES212,PT,63.6
2019,EU_PSR_SATIS_OBRA,M,,PT,67.9
2021,EU_PSR_SATIS_OBRA,M,,PT,62.8
2020,EU_PSR_SATIS_OBRA,M,,PT,61.5
2017,EU_PSR_SATIS_OBRA,M,,PT,66.7
2022,EU_PSR_SATIS_OBRA,M,,PT,51.3
2016,EU_PSR_SATIS_OBRA,M,,PT,60
2018,EU_PSR_SATIS_OBRA,M,,PT,68.3
2023,EU_PSR_SATIS_OBRA,M,,PT,69.1
2023,EU_PSR_SATIS_OBRA,M,ES211,PT,58.4
2017,EU_PSR_SATIS_OBRA,M,ES211,PT,92.9
2018,EU_PSR_SATIS_OBRA,M,ES211,PT,44.4
2019,EU_PSR_SATIS_OBRA,M,ES211,PT,62.5
2020,EU_PSR_SATIS_OBRA,M,ES211,PT,50
2021,EU_PSR_SATIS_OBRA,M,ES211,PT,37.3
2022,EU_PSR_SATIS_OBRA,M,ES211,PT,36.6
2016,EU_PSR_SATIS_OBRA,M,ES211,PT,50
2016,EU_PSR_SATIS_OBRA,M,ES213,PT,68
2017,EU_PSR_SATIS_OBRA,M,ES213,PT,73.7
2018,EU_PSR_SATIS_OBRA,M,ES213,PT,79.3
2019,EU_PSR_SATIS_OBRA,M,ES213,PT,78.9
2020,EU_PSR_SATIS_OBRA,M,ES213,PT,74.1
2021,EU_PSR_SATIS_OBRA,M,ES213,PT,56.9
2022,EU_PSR_SATIS_OBRA,M,ES213,PT,49.1
2023,EU_PSR_SATIS_OBRA,M,ES213,PT,62.8
2022,EU_PSR_SATIS_OBRA,M,ES212,PT,56
2016,EU_PSR_SATIS_OBRA,M,ES212,PT,55
2017,EU_PSR_SATIS_OBRA,M,ES212,PT,45.8
2018,EU_PSR_SATIS_OBRA,M,ES212,PT,63.6
2019,EU_PSR_SATIS_OBRA,M,ES212,PT,62.1
2020,EU_PSR_SATIS_OBRA,M,ES212,PT,53.8
2021,EU_PSR_SATIS_OBRA,M,ES212,PT,72.2
2023,EU_PSR_SATIS_OBRA,M,ES212,PT,78.1
2019,EU_PSR_SATIS_DPDNT,,,PT,42.2
2017,EU_PSR_SATIS_DPDNT,,,PT,29.8
2011,EU_PSR_SATIS_DPDNT,,,PT,37.3
2013,EU_PSR_SATIS_DPDNT,,,PT,24.8
2016,EU_PSR_SATIS_DPDNT,,,PT,27
2023,EU_PSR_SATIS_DPDNT,,,PT,38.7
2020,EU_PSR_SATIS_DPDNT,,,PT,40.5
2012,EU_PSR_SATIS_DPDNT,,,PT,28.7
2018,EU_PSR_SATIS_DPDNT,,,PT,43.6
2014,EU_PSR_SATIS_DPDNT,,,PT,12.6
2015,EU_PSR_SATIS_DPDNT,,,PT,22.3
2021,EU_PSR_SATIS_DPDNT,,,PT,40.5
2022,EU_PSR_SATIS_DPDNT,,,PT,40.8
2022,EU_PSR_SATIS_DPDNT,,ES211,PT,49.4
2020,EU_PSR_SATIS_DPDNT,,ES211,PT,46.4
2016,EU_PSR_SATIS_DPDNT,,ES211,PT,6.7
2019,EU_PSR_SATIS_DPDNT,,ES211,PT,66.7
2021,EU_PSR_SATIS_DPDNT,,ES211,PT,41
2017,EU_PSR_SATIS_DPDNT,,ES211,PT,13
2023,EU_PSR_SATIS_DPDNT,,ES211,PT,36.6
2018,EU_PSR_SATIS_DPDNT,,ES211,PT,37.5
2017,EU_PSR_SATIS_DPDNT,,ES213,PT,25.6
2016,EU_PSR_SATIS_DPDNT,,ES213,PT,23.8
2021,EU_PSR_SATIS_DPDNT,,ES213,PT,47.9
2018,EU_PSR_SATIS_DPDNT,,ES213,PT,46.5
2022,EU_PSR_SATIS_DPDNT,,ES213,PT,41.1
2019,EU_PSR_SATIS_DPDNT,,ES213,PT,30.8
2020,EU_PSR_SATIS_DPDNT,,ES213,PT,34.8
2023,EU_PSR_SATIS_DPDNT,,ES213,PT,43.5
2018,EU_PSR_SATIS_DPDNT,,ES212,PT,42.9
2017,EU_PSR_SATIS_DPDNT,,ES212,PT,42.9
2020,EU_PSR_SATIS_DPDNT,,ES212,PT,42.3
2022,EU_PSR_SATIS_DPDNT,,ES212,PT,38
2019,EU_PSR_SATIS_DPDNT,,ES212,PT,44.8
2023,EU_PSR_SATIS_DPDNT,,ES212,PT,36.7
2021,EU_PSR_SATIS_DPDNT,,ES212,PT,36.8
2016,EU_PSR_SATIS_DPDNT,,ES212,PT,37.2
2021,EU_PSR_SATIS_DPDNT,F,,PT,42.8
2017,EU_PSR_SATIS_DPDNT,F,,PT,27.5
2018,EU_PSR_SATIS_DPDNT,F,,PT,42
2019,EU_PSR_SATIS_DPDNT,F,,PT,38.3
2022,EU_PSR_SATIS_DPDNT,F,,PT,35
2020,EU_PSR_SATIS_DPDNT,F,,PT,32.3
2016,EU_PSR_SATIS_DPDNT,F,,PT,22.2
2023,EU_PSR_SATIS_DPDNT,F,,PT,39.3
2021,EU_PSR_SATIS_DPDNT,F,ES211,PT,44.3
2022,EU_PSR_SATIS_DPDNT,F,ES211,PT,51.5
2023,EU_PSR_SATIS_DPDNT,F,ES211,PT,33.7
2016,EU_PSR_SATIS_DPDNT,F,ES211,PT,14.3
2020,EU_PSR_SATIS_DPDNT,F,ES211,PT,31.3
2019,EU_PSR_SATIS_DPDNT,F,ES211,PT,66.7
2017,EU_PSR_SATIS_DPDNT,F,ES211,PT,10
2018,EU_PSR_SATIS_DPDNT,F,ES211,PT,33.3
2023,EU_PSR_SATIS_DPDNT,F,ES213,PT,45.1
2019,EU_PSR_SATIS_DPDNT,F,ES213,PT,27.3
2016,EU_PSR_SATIS_DPDNT,F,ES213,PT,12.5
2018,EU_PSR_SATIS_DPDNT,F,ES213,PT,42.1
2020,EU_PSR_SATIS_DPDNT,F,ES213,PT,28.6
2022,EU_PSR_SATIS_DPDNT,F,ES213,PT,36.2
2021,EU_PSR_SATIS_DPDNT,F,ES213,PT,55.6
2017,EU_PSR_SATIS_DPDNT,F,ES213,PT,19
2019,EU_PSR_SATIS_DPDNT,F,ES212,PT,40.6
2017,EU_PSR_SATIS_DPDNT,F,ES212,PT,45
2023,EU_PSR_SATIS_DPDNT,F,ES212,PT,37
2021,EU_PSR_SATIS_DPDNT,F,ES212,PT,35.8
2020,EU_PSR_SATIS_DPDNT,F,ES212,PT,35.7
2018,EU_PSR_SATIS_DPDNT,F,ES212,PT,45.5
2022,EU_PSR_SATIS_DPDNT,F,ES212,PT,28.7
2016,EU_PSR_SATIS_DPDNT,F,ES212,PT,34.8
2020,EU_PSR_SATIS_DPDNT,M,,PT,49.2
2021,EU_PSR_SATIS_DPDNT,M,,PT,37.9
2016,EU_PSR_SATIS_DPDNT,M,,PT,32.6
2018,EU_PSR_SATIS_DPDNT,M,,PT,45.1
2023,EU_PSR_SATIS_DPDNT,M,,PT,38.1
2017,EU_PSR_SATIS_DPDNT,M,,PT,32.1
2022,EU_PSR_SATIS_DPDNT,M,,PT,47.2
2019,EU_PSR_SATIS_DPDNT,M,,PT,46.9
2020,EU_PSR_SATIS_DPDNT,M,ES211,PT,66.7
2017,EU_PSR_SATIS_DPDNT,M,ES211,PT,15.4
2021,EU_PSR_SATIS_DPDNT,M,ES211,PT,39
2016,EU_PSR_SATIS_DPDNT,M,ES211,PT,0
2023,EU_PSR_SATIS_DPDNT,M,ES211,PT,38.6
2018,EU_PSR_SATIS_DPDNT,M,ES211,PT,42.9
2022,EU_PSR_SATIS_DPDNT,M,ES211,PT,47.2
2019,EU_PSR_SATIS_DPDNT,M,ES211,PT,66.7
2020,EU_PSR_SATIS_DPDNT,M,ES213,PT,40
2021,EU_PSR_SATIS_DPDNT,M,ES213,PT,36.8
2019,EU_PSR_SATIS_DPDNT,M,ES213,PT,35.3
2018,EU_PSR_SATIS_DPDNT,M,ES213,PT,50
2016,EU_PSR_SATIS_DPDNT,M,ES213,PT,38.9
2022,EU_PSR_SATIS_DPDNT,M,ES213,PT,50
2017,EU_PSR_SATIS_DPDNT,M,ES213,PT,33.3
2023,EU_PSR_SATIS_DPDNT,M,ES213,PT,41.1
2019,EU_PSR_SATIS_DPDNT,M,ES212,PT,50
2020,EU_PSR_SATIS_DPDNT,M,ES212,PT,50
2016,EU_PSR_SATIS_DPDNT,M,ES212,PT,40
2018,EU_PSR_SATIS_DPDNT,M,ES212,PT,40
2022,EU_PSR_SATIS_DPDNT,M,ES212,PT,46.2
2021,EU_PSR_SATIS_DPDNT,M,ES212,PT,38.1
2023,EU_PSR_SATIS_DPDNT,M,ES212,PT,36.2
2017,EU_PSR_SATIS_DPDNT,M,ES212,PT,40.9
